{
    "metrics": {
        "checks": {
            "passes": 216002,
            "fails": 0,
            "value": 1
        },
        "http_req_duration": {
            "avg": 0.4514204317784086,
            "min": 0.153068,
            "med": 0.3521805,
            "p(90)": 0.5625944999999999,
            "p(95)": 0.8312320999999994,
            "p(99)": 1.3641293299999984,
            "p(99.9)": 10.329319627001418,
            "max": 237.763029
        },
        "http_req_receiving": {
            "p(95)": 0.06770584999999996,
            "p(99)": 0.11133394999999903,
            "p(99.9)": 0.3296107920000022,
            "max": 39.368783,
            "avg": 0.03927448132887727,
            "min": 0.01048,
            "med": 0.032483,
            "p(90)": 0.049523899999999996
        },
        "data_sent": {
            "count": 22752245,
            "rate": 31600.25607604266
        },
        "dropped_iterations": {
            "count": 0,
            "rate": 0,
            "thresholds": {
                "count<1": false
            }
        },
        "http_req_sending": {
            "med": 0.013057,
            "p(90)": 0.018326,
            "p(95)": 0.023134,
            "p(99)": 0.039444979999999984,
            "p(99.9)": 0.05602578900000226,
            "max": 0.341069,
            "avg": 0.013852965708650447,
            "min": 0.005242
        },
        "http_req_failed{expected_response:true}": {
            "passes": 0,
            "fails": 205271,
            "thresholds": {
                "rate<0.01": false
            },
            "value": 0
        },
        "http_req_tls_handshaking": {
            "p(99.9)": 0,
            "max": 0,
            "avg": 0,
            "min": 0,
            "med": 0,
            "p(90)": 0,
            "p(95)": 0,
            "p(99)": 0
        },
        "http_req_duration{expected_response:true}": {
            "p(99)": 1.1821187999999965,
            "p(99.9)": 9.730043910000811,
            "max": 212.01689,
            "avg": 0.4200238655192397,
            "min": 0.153068,
            "med": 0.344902,
            "p(90)": 0.501174,
            "p(95)": 0.5672115
        },
        "http_req_blocked": {
            "p(90)": 0.005285,
            "p(95)": 0.10073974999999886,
            "p(99)": 0.16100798,
            "p(99.9)": 0.18372270900000312,
            "max": 10.967185,
            "avg": 0.011101767076230803,
            "min": 0.001905,
            "med": 0.003884
        },
        "iteration_duration": {
            "p(99)": 1.5178427299999997,
            "p(99.9)": 10.554790779000795,
            "max": 238.120912,
            "avg": 0.5729917044101493,
            "min": 0.237868,
            "med": 0.462514,
            "p(90)": 0.7424759,
            "p(95)": 0.954934149999999
        },
        "vus": {
            "max": 3,
            "value": 0,
            "min": 0
        },
        "http_req_failed": {
            "passes": 10731,
            "fails": 205271,
            "value": 0.04968009555467079
        },
        "data_received": {
            "count": 54330135,
            "rate": 75458.3197678281
        },
        "vus_max": {
            "value": 150,
            "min": 150,
            "max": 150
        },
        "http_reqs": {
            "count": 216002,
            "rate": 300.00197839542284
        },
        "http_req_waiting": {
            "max": 237.507524,
            "avg": 0.3982929847408795,
            "min": 0.116808,
            "med": 0.31002300000000005,
            "p(90)": 0.5013179,
            "p(95)": 0.7472695499999998,
            "p(99)": 1.2358625699999994,
            "p(99.9)": 9.502501976000676
        },
        "iterations": {
            "count": 216002,
            "rate": 300.00197839542284
        },
        "http_req_connecting": {
            "p(99)": 0.11048597999999998,
            "p(99.9)": 0.1299176450000038,
            "max": 10.919436,
            "avg": 0.004938875140044991,
            "min": 0,
            "med": 0,
            "p(90)": 0,
            "p(95)": 0.06507514999999969
        }
    },
    "root_group": {
        "name": "",
        "path": "",
        "id": "d41d8cd98f00b204e9800998ecf8427e",
        "groups": {},
        "checks": {
                "GET 200": {
                    "name": "GET 200",
                    "path": "::GET 200",
                    "id": "835c47aa361246554e0c8a59faa18f11",
                    "passes": 172970,
                    "fails": 0
                },
                "POST 200": {
                    "name": "POST 200",
                    "path": "::POST 200",
                    "id": "d3a9382a11b43b7d4d766cf3d93cf984",
                    "passes": 32301,
                    "fails": 0
                },
                "error endpoint returns 5xx": {
                    "fails": 0,
                    "name": "error endpoint returns 5xx",
                    "path": "::error endpoint returns 5xx",
                    "id": "4b565ac5e80a340a07119895dabae4b1",
                    "passes": 10731
                }
            }
    }
}