{
    "root_group": {
        "name": "",
        "path": "",
        "id": "d41d8cd98f00b204e9800998ecf8427e",
        "groups": {},
        "checks": {
                "GET 200": {
                    "name": "GET 200",
                    "path": "::GET 200",
                    "id": "835c47aa361246554e0c8a59faa18f11",
                    "passes": 172475,
                    "fails": 0
                },
                "POST 200": {
                    "fails": 0,
                    "name": "POST 200",
                    "path": "::POST 200",
                    "id": "d3a9382a11b43b7d4d766cf3d93cf984",
                    "passes": 32693
                },
                "error endpoint returns 5xx": {
                    "id": "4b565ac5e80a340a07119895dabae4b1",
                    "passes": 10834,
                    "fails": 0,
                    "name": "error endpoint returns 5xx",
                    "path": "::error endpoint returns 5xx"
                }
            }
    },
    "metrics": {
        "data_received": {
            "rate": 75473.05415024952,
            "count": 54340673
        },
        "vus_max": {
            "value": 150,
            "min": 150,
            "max": 150
        },
        "http_req_failed": {
            "passes": 10834,
            "fails": 205168,
            "value": 0.0501569429912686
        },
        "dropped_iterations": {
            "count": 0,
            "rate": 0,
            "thresholds": {
                "count<1": false
            }
        },
        "http_req_sending": {
            "p(99)": 0.040088919999999924,
            "p(99.9)": 0.05640587500000133,
            "max": 0.472044,
            "avg": 0.013899518055388164,
            "min": 0.005216,
            "med": 0.013093,
            "p(90)": 0.018393,
            "p(95)": 0.02335094999999998
        },
        "http_req_blocked": {
            "p(99)": 0.16073697999999997,
            "p(99.9)": 0.18658099200000008,
            "max": 9.431485,
            "avg": 0.011186125026619897,
            "min": 0.001847,
            "med": 0.003959,
            "p(90)": 0.00527,
            "p(95)": 0.10169129999999907
        },
        "http_reqs": {
            "count": 216002,
            "rate": 300.00236917496767
        },
        "data_sent": {
            "count": 22787773,
            "rate": 31649.6416154543
        },
        "checks": {
            "passes": 216002,
            "fails": 0,
            "value": 1
        },
        "vus": {
            "value": 0,
            "min": 0,
            "max": 2
        },
        "http_req_duration{expected_response:true}": {
            "min": 0.169899,
            "med": 0.3483095,
            "p(90)": 0.49824750000000023,
            "p(95)": 0.5610063,
            "p(99)": 1.1424048599999919,
            "p(99.9)": 7.133269775000241,
            "max": 159.538027,
            "avg": 0.4127765565682742
        },
        "http_req_tls_handshaking": {
            "p(99.9)": 0,
            "max": 0,
            "avg": 0,
            "min": 0,
            "med": 0,
            "p(90)": 0,
            "p(95)": 0,
            "p(99)": 0
        },
        "iteration_duration": {
            "p(95)": 0.9564038999999992,
            "p(99)": 1.4919931899999974,
            "p(99.9)": 8.653147015000364,
            "max": 159.891106,
            "avg": 0.5655649485976999,
            "min": 0.249944,
            "med": 0.46504650000000003,
            "p(90)": 0.7398313
        },
        "http_req_failed{expected_response:true}": {
            "fails": 205168,
            "passes": 0,
            "thresholds": {
                "rate<0.01": false
            },
            "value": 0
        },
        "http_req_duration": {
            "p(99)": 1.3372814299999995,
            "p(99.9)": 8.503215016001489,
            "max": 159.538027,
            "avg": 0.4433603108674949,
            "min": 0.169899,
            "med": 0.35341,
            "p(90)": 0.5574289,
            "p(95)": 0.8347232499999995
        },
        "http_req_waiting": {
            "avg": 0.3892485677586382,
            "min": 0.137563,
            "med": 0.3100325,
            "p(90)": 0.49500829999999996,
            "p(95)": 0.7509588999999995,
            "p(99)": 1.2074061399999982,
            "p(99.9)": 6.84291681600012,
            "max": 159.156778
        },
        "http_req_receiving": {
            "p(90)": 0.05093,
            "p(95)": 0.06936589999999997,
            "p(99)": 0.11006096999999998,
            "p(99.9)": 0.33443033100000713,
            "max": 33.332541,
            "avg": 0.04021222505347262,
            "min": 0.010326,
            "med": 0.034389
        },
        "http_req_connecting": {
            "avg": 0.004983085276988179,
            "min": 0,
            "med": 0,
            "p(90)": 0,
            "p(95)": 0.06594464999999988,
            "p(99)": 0.11030298999999999,
            "p(99.9)": 0.13624894300000062,
            "max": 9.390955
        },
        "iterations": {
            "rate": 300.00236917496767,
            "count": 216002
        }
    }
}