{
    "root_group": {
        "checks": {
            "GET 200": {
                "passes": 172950,
                "fails": 0,
                "name": "GET 200",
                "path": "::GET 200",
                "id": "835c47aa361246554e0c8a59faa18f11"
            },
            "POST 200": {
                "name": "POST 200",
                "path": "::POST 200",
                "id": "d3a9382a11b43b7d4d766cf3d93cf984",
                "passes": 32274,
                "fails": 0
            },
            "error endpoint returns 5xx": {
                "path": "::error endpoint returns 5xx",
                "id": "4b565ac5e80a340a07119895dabae4b1",
                "passes": 10778,
                "fails": 0,
                "name": "error endpoint returns 5xx"
            }
        },
        "name": "",
        "path": "",
        "id": "d41d8cd98f00b204e9800998ecf8427e",
        "groups": {}
    },
    "metrics": {
        "http_req_duration": {
            "p(90)": 0.5587096999999999,
            "p(95)": 0.82929175,
            "p(99)": 1.337364889999998,
            "p(99.9)": 9.04350614900003,
            "max": 173.673793,
            "avg": 0.4404327676502928,
            "min": 0.16523,
            "med": 0.3543545
        },
        "http_req_tls_handshaking": {
            "med": 0,
            "p(90)": 0,
            "p(95)": 0,
            "p(99)": 0,
            "p(99.9)": 0,
            "max": 0,
            "avg": 0,
            "min": 0
        },
        "http_req_receiving": {
            "p(99.9)": 0.35383077800001306,
            "max": 26.071186,
            "avg": 0.040871928625660164,
            "min": 0.01003,
            "med": 0.034131,
            "p(90)": 0.0496439,
            "p(95)": 0.06811684999999995,
            "p(99)": 0.10849792999999994
        },
        "iterations": {
            "count": 216002,
            "rate": 300.00168811372953
        },
        "http_req_duration{expected_response:true}": {
            "med": 0.34702299999999997,
            "p(90)": 0.5004508000000002,
            "p(95)": 0.56216285,
            "p(99)": 1.1755888499999938,
            "p(99.9)": 8.647132981002645,
            "max": 140.214279,
            "avg": 0.40966073634174804,
            "min": 0.16523
        },
        "http_req_sending": {
            "p(95)": 0.02321394999999998,
            "p(99)": 0.039835929999999936,
            "p(99.9)": 0.058015911000000954,
            "max": 0.414307,
            "avg": 0.013909188697326944,
            "min": 0.005271,
            "med": 0.013074,
            "p(90)": 0.018669
        },
        "dropped_iterations": {
            "rate": 0,
            "count": 0,
            "thresholds": {
                "count<1": false
            }
        },
        "http_req_blocked": {
            "p(90)": 0.005318,
            "p(95)": 0.10138009999999933,
            "p(99)": 0.161108,
            "p(99.9)": 0.18656485300000158,
            "max": 10.901417,
            "avg": 0.011248153665243659,
            "min": 0.001873,
            "med": 0.003921
        },
        "http_req_failed{expected_response:true}": {
            "passes": 0,
            "fails": 205224,
            "thresholds": {
                "rate<0.01": false
            },
            "value": 0
        },
        "vus_max": {
            "min": 150,
            "max": 150,
            "value": 150
        },
        "vus": {
            "value": 0,
            "min": 0,
            "max": 7
        },
        "http_reqs": {
            "count": 216002,
            "rate": 300.00168811372953
        },
        "data_received": {
            "count": 54335097,
            "rate": 75465.13839604838
        },
        "http_req_failed": {
            "passes": 10778,
            "fails": 205224,
            "value": 0.04989768613253581
        },
        "http_req_waiting": {
            "p(99)": 1.2135854499999912,
            "p(99.9)": 7.877873156002151,
            "max": 173.458559,
            "avg": 0.3856516503273244,
            "min": 0.132929,
            "med": 0.311249,
            "p(90)": 0.49794409999999995,
            "p(95)": 0.7476836999999992
        },
        "iteration_duration": {
            "avg": 0.5621501412209111,
            "min": 0.240338,
            "med": 0.4645335,
            "p(90)": 0.7384814,
            "p(95)": 0.9519166499999999,
            "p(99)": 1.4954929299999982,
            "p(99.9)": 9.2627298610006,
            "max": 174.045517
        },
        "checks": {
            "passes": 216002,
            "fails": 0,
            "value": 1
        },
        "data_sent": {
            "count": 22748929,
            "rate": 31595.619960830812
        },
        "http_req_connecting": {
            "p(90)": 0,
            "p(95)": 0.06574879999999993,
            "p(99)": 0.11021996999999997,
            "p(99.9)": 0.133474906000001,
            "max": 10.859677,
            "avg": 0.005031062957750385,
            "min": 0,
            "med": 0
        }
    }
}