{
    "metrics": {
        "iteration_duration": {
            "p(99.9)": 16.64919397800031,
            "max": 265.37164,
            "avg": 0.5849303046314288,
            "min": 0.243898,
            "med": 0.4689395,
            "p(90)": 0.7461894,
            "p(95)": 0.9609396499999996,
            "p(99)": 1.642876889999999
        },
        "http_req_duration": {
            "max": 264.930596,
            "avg": 0.4619406052027389,
            "min": 0.161383,
            "med": 0.35458199999999995,
            "p(90)": 0.5632548999999999,
            "p(95)": 0.8402487499999997,
            "p(99)": 1.4817275899999967,
            "p(99.9)": 16.493387080000886
        },
        "http_req_tls_handshaking": {
            "p(99)": 0,
            "p(99.9)": 0,
            "max": 0,
            "avg": 0,
            "min": 0,
            "med": 0,
            "p(90)": 0,
            "p(95)": 0
        },
        "http_reqs": {
            "count": 216002,
            "rate": 300.0019323956658
        },
        "http_req_duration{expected_response:true}": {
            "med": 0.348062,
            "p(90)": 0.50036,
            "p(95)": 0.5668506,
            "p(99)": 1.3013501400000012,
            "p(99.9)": 15.759787225000117,
            "max": 264.930596,
            "avg": 0.43038375631891074,
            "min": 0.161383
        },
        "http_req_blocked": {
            "avg": 0.011310099392598296,
            "min": 0.001866,
            "med": 0.004009,
            "p(90)": 0.005324,
            "p(95)": 0.10160249999999982,
            "p(99)": 0.16294999,
            "p(99.9)": 0.19037466900000352,
            "max": 10.212623
        },
        "http_req_failed{expected_response:true}": {
            "passes": 0,
            "fails": 205178,
            "thresholds": {
                "rate<0.01": false
            },
            "value": 0
        },
        "http_req_receiving": {
            "avg": 0.042413416310960565,
            "min": 0.010267,
            "med": 0.034162,
            "p(90)": 0.049647899999999995,
            "p(95)": 0.06832194999999998,
            "p(99)": 0.11502494999999996,
            "p(99.9)": 0.4308885730000046,
            "max": 42.399574
        },
        "checks": {
            "passes": 216002,
            "fails": 0,
            "value": 1
        },
        "data_sent": {
            "rate": 31612.541473872436,
            "count": 22761094
        },
        "dropped_iterations": {
            "rate": 0,
            "count": 0,
            "thresholds": {
                "count<1": false
            }
        },
        "http_req_sending": {
            "max": 0.394927,
            "avg": 0.013911072883584188,
            "min": 0.005036,
            "med": 0.013199,
            "p(90)": 0.018724,
            "p(95)": 0.02367484999999995,
            "p(99)": 0.04102896999999998,
            "p(99.9)": 0.05650790800000099
        },
        "http_req_waiting": {
            "p(90)": 0.5023436,
            "p(95)": 0.7567312999999994,
            "p(99)": 1.3327928899999952,
            "p(99.9)": 14.432946440000295,
            "max": 264.436072,
            "avg": 0.40561611600817477,
            "min": 0.121672,
            "med": 0.311252
        },
        "vus_max": {
            "value": 150,
            "min": 150,
            "max": 150
        },
        "http_req_failed": {
            "fails": 205178,
            "passes": 10824,
            "value": 0.05011064712363775
        },
        "data_received": {
            "count": 54340465,
            "rate": 75472.65537948279
        },
        "vus": {
            "value": 1,
            "min": 0,
            "max": 2
        },
        "iterations": {
            "count": 216002,
            "rate": 300.0019323956658
        },
        "http_req_connecting": {
            "med": 0,
            "p(90)": 0,
            "p(95)": 0.06616779999999958,
            "p(99)": 0.11191897999999999,
            "p(99.9)": 0.13812697700000023,
            "max": 10.172205,
            "avg": 0.005072251048601407,
            "min": 0
        }
    },
    "root_group": {
        "name": "",
        "path": "",
        "id": "d41d8cd98f00b204e9800998ecf8427e",
        "groups": {},
        "checks": {
                "GET 200": {
                    "path": "::GET 200",
                    "id": "835c47aa361246554e0c8a59faa18f11",
                    "passes": 172774,
                    "fails": 0,
                    "name": "GET 200"
                },
                "error endpoint returns 5xx": {
                    "fails": 0,
                    "name": "error endpoint returns 5xx",
                    "path": "::error endpoint returns 5xx",
                    "id": "4b565ac5e80a340a07119895dabae4b1",
                    "passes": 10824
                },
                "POST 200": {
                    "id": "d3a9382a11b43b7d4d766cf3d93cf984",
                    "passes": 32404,
                    "fails": 0,
                    "name": "POST 200",
                    "path": "::POST 200"
                }
            }
    }
}