{
    "root_group": {
        "name": "",
        "path": "",
        "id": "d41d8cd98f00b204e9800998ecf8427e",
        "groups": {},
        "checks": {
                "status 200": {
                    "name": "status 200",
                    "path": "::status 200",
                    "id": "fad9fa412b86fcb03bee97c80dcd61f1",
                    "passes": 4802,
                    "fails": 0
                }
            }
    },
    "metrics": {
        "data_sent": {
            "count": 436982,
            "rate": 1820.7408349290515
        },
        "http_req_duration{expected_response:true}": {
            "avg": 1.0370329872969595,
            "min": 0.543692,
            "med": 0.829256,
            "max": 17.782895,
            "p(90)": 1.6458414000000003,
            "p(95)": 1.9553509999999998
        },
        "http_req_sending": {
            "med": 0.014135,
            "max": 0.246887,
            "p(90)": 0.017890600000000003,
            "p(95)": 0.021085249999999996,
            "avg": 0.01548292378175757,
            "min": 0.010559
        },
        "iteration_duration": {
            "p(90)": 1.7963523000000001,
            "p(95)": 2.1053993999999996,
            "avg": 1.1786932540608106,
            "min": 0.664885,
            "med": 0.9667764999999999,
            "max": 17.919249
        },
        "vus": {
            "value": 0,
            "min": 0,
            "max": 0
        },
        "http_req_waiting": {
            "avg": 0.8945195131195312,
            "min": 0.468848,
            "med": 0.7130095,
            "max": 17.656902,
            "p(90)": 1.4053851000000008,
            "p(95)": 1.6824786999999997
        },
        "http_req_receiving": {
            "p(90)": 0.2257014000000001,
            "p(95)": 0.2666601499999999,
            "avg": 0.12703055039566805,
            "min": 0.032849,
            "med": 0.1154445,
            "max": 2.535533
        },
        "http_req_duration": {
            "avg": 1.0370329872969595,
            "min": 0.543692,
            "med": 0.829256,
            "max": 17.782895,
            "p(90)": 1.6458414000000003,
            "p(95)": 1.9553509999999998
        },
        "iterations": {
            "count": 4802,
            "rate": 20.00814104317639
        },
        "http_req_tls_handshaking": {
            "min": 0,
            "med": 0,
            "max": 0,
            "p(90)": 0,
            "p(95)": 0,
            "avg": 0
        },
        "checks": {
            "passes": 4802,
            "fails": 0,
            "value": 1
        },
        "vus_max": {
            "max": 100,
            "value": 100,
            "min": 100
        },
        "http_req_blocked": {
            "p(95)": 0.01403755,
            "avg": 0.011158487921699291,
            "min": 0.004186,
            "med": 0.005094,
            "max": 6.617815,
            "p(90)": 0.0083929
        },
        "http_req_connecting": {
            "avg": 0.004337643481882547,
            "min": 0,
            "med": 0,
            "max": 6.571644,
            "p(90)": 0,
            "p(95)": 0
        },
        "data_received": {
            "count": 816340,
            "rate": 3401.3839773399864
        },
        "http_req_failed": {
            "passes": 0,
            "fails": 4802,
            "thresholds": {
                "rate<0.001": false
            },
            "value": 0
        },
        "http_reqs": {
            "count": 4802,
            "rate": 20.00814104317639
        },
        "dropped_iterations": {
            "count": 0,
            "rate": 0,
            "thresholds": {
                "count==0": false
            }
        }
    }
}