{
    "metrics": {
        "http_req_failed": {
            "passes": 10750,
            "fails": 205252,
            "value": 0.049768057703169416
        },
        "iteration_duration": {
            "max": 97.316554,
            "avg": 0.5403641446375507,
            "min": 0.227721,
            "med": 0.445253,
            "p(90)": 0.7635067,
            "p(95)": 0.9373899499999983,
            "p(99)": 1.4913381299999935,
            "p(99.9)": 6.142916285000553
        },
        "http_req_sending": {
            "p(99)": 0.05522595999999996,
            "p(99.9)": 0.30669319200000866,
            "max": 94.360205,
            "avg": 0.016448463606818384,
            "min": 0.004907,
            "med": 0.012834,
            "p(90)": 0.019535,
            "p(95)": 0.02749084999999995
        },
        "http_req_waiting": {
            "p(99)": 0.9967756199999996,
            "p(99.9)": 4.0023358340001405,
            "max": 94.192507,
            "avg": 0.31632261590170613,
            "min": 0.099846,
            "med": 0.2441045,
            "p(90)": 0.4036957,
            "p(95)": 0.6464723999999994
        },
        "data_sent": {
            "rate": 31624.961231116133,
            "count": 22770082
        },
        "http_req_duration{expected_response:true}": {
            "med": 0.283758,
            "p(90)": 0.4384169,
            "p(95)": 0.4794015999999999,
            "p(99)": 0.9627007799999998,
            "p(99.9)": 4.416722423000149,
            "max": 97.17077,
            "avg": 0.34443141772552843,
            "min": 0.129956
        },
        "iterations": {
            "count": 216002,
            "rate": 300.00132963260944
        },
        "vus_max": {
            "min": 300,
            "max": 300,
            "value": 300
        },
        "data_received": {
            "count": 53837973,
            "rate": 74774.60155333992
        },
        "vus": {
            "value": 0,
            "min": 0,
            "max": 2
        },
        "dropped_iterations": {
            "count": 0,
            "rate": 0,
            "thresholds": {
                "count<1": false
            }
        },
        "http_req_duration": {
            "med": 0.291997,
            "p(90)": 0.4741165,
            "p(95)": 0.73704975,
            "p(99)": 1.1351595899999978,
            "p(99.9)": 4.722474148000074,
            "max": 97.17077,
            "avg": 0.37108829755280826,
            "min": 0.129956
        },
        "http_req_failed{expected_response:true}": {
            "passes": 0,
            "fails": 205252,
            "thresholds": {
                "rate<0.01": false
            },
            "value": 0
        },
        "http_req_tls_handshaking": {
            "med": 0,
            "p(90)": 0,
            "p(95)": 0,
            "p(99)": 0,
            "p(99.9)": 0,
            "max": 0,
            "avg": 0,
            "min": 0
        },
        "http_reqs": {
            "count": 216002,
            "rate": 300.00132963260944
        },
        "http_req_receiving": {
            "p(99.9)": 0.3953409010000011,
            "max": 22.589984,
            "avg": 0.038317218044277075,
            "min": 0.009587,
            "med": 0.0317075,
            "p(90)": 0.050859,
            "p(95)": 0.06948084999999996,
            "p(99)": 0.16383978999999982
        },
        "http_req_blocked": {
            "p(99)": 0.1703659099999999,
            "p(99.9)": 0.43489261600001483,
            "max": 17.520933,
            "avg": 0.013387942454236358,
            "min": 0.001885,
            "med": 0.003907,
            "p(90)": 0.006125899999999995,
            "p(95)": 0.11418629999999871
        },
        "http_req_connecting": {
            "p(90)": 0,
            "p(95)": 0.06532879999999992,
            "p(99)": 0.11123395999999997,
            "p(99.9)": 0.14155074100000278,
            "max": 17.479156,
            "avg": 0.0053044875510411885,
            "min": 0,
            "med": 0
        },
        "checks": {
            "passes": 216002,
            "fails": 0,
            "value": 1
        }
    },
    "root_group": {
        "name": "",
        "path": "",
        "id": "d41d8cd98f00b204e9800998ecf8427e",
        "groups": {},
        "checks": {
                "GET 200": {
                    "passes": 172761,
                    "fails": 0,
                    "name": "GET 200",
                    "path": "::GET 200",
                    "id": "835c47aa361246554e0c8a59faa18f11"
                },
                "POST 200": {
                    "name": "POST 200",
                    "path": "::POST 200",
                    "id": "d3a9382a11b43b7d4d766cf3d93cf984",
                    "passes": 32491,
                    "fails": 0
                },
                "error endpoint returns 5xx": {
                    "fails": 0,
                    "name": "error endpoint returns 5xx",
                    "path": "::error endpoint returns 5xx",
                    "id": "4b565ac5e80a340a07119895dabae4b1",
                    "passes": 10750
                }
            }
    }
}