{
    "metrics": {
        "checks": {
            "passes": 4802,
            "fails": 0,
            "value": 1
        },
        "http_req_waiting": {
            "avg": 0.8972844748021693,
            "min": 0.460558,
            "med": 0.7196155,
            "max": 16.119026,
            "p(90)": 1.4081019000000001,
            "p(95)": 1.6700116499999997
        },
        "http_req_tls_handshaking": {
            "min": 0,
            "med": 0,
            "max": 0,
            "p(90)": 0,
            "p(95)": 0,
            "avg": 0
        },
        "http_req_blocked": {
            "p(95)": 0.013588,
            "avg": 0.01089133194502289,
            "min": 0.004157,
            "med": 0.005075,
            "max": 5.931594,
            "p(90)": 0.007542900000000006
        },
        "http_req_connecting": {
            "p(90)": 0,
            "p(95)": 0,
            "avg": 0.004200680966264058,
            "min": 0,
            "med": 0,
            "max": 5.882629
        },
        "dropped_iterations": {
            "count": 0,
            "rate": 0,
            "thresholds": {
                "count==0": false
            }
        },
        "iteration_duration": {
            "p(95)": 2.0905811,
            "avg": 1.1833295687213683,
            "min": 0.662015,
            "med": 0.969538,
            "max": 16.407199,
            "p(90)": 1.7953799000000001
        },
        "http_req_receiving": {
            "avg": 0.12954703831736794,
            "min": 0.032732,
            "med": 0.11965049999999999,
            "max": 0.799587,
            "p(90)": 0.22957610000000003,
            "p(95)": 0.26328999999999997
        },
        "iterations": {
            "count": 4802,
            "rate": 20.00810188436266
        },
        "http_req_duration": {
            "med": 0.830767,
            "max": 16.234007,
            "p(90)": 1.6503457000000012,
            "p(95)": 1.9418225,
            "avg": 1.0429069820907992,
            "min": 0.549053
        },
        "vus_max": {
            "value": 100,
            "min": 100,
            "max": 100
        },
        "http_req_failed": {
            "passes": 0,
            "fails": 4802,
            "thresholds": {
                "rate<0.001": false
            },
            "value": 0
        },
        "data_sent": {
            "count": 436982,
            "rate": 1820.7372714770022
        },
        "data_received": {
            "count": 816340,
            "rate": 3401.377320341652
        },
        "http_req_duration{expected_response:true}": {
            "avg": 1.0429069820907992,
            "min": 0.549053,
            "med": 0.830767,
            "max": 16.234007,
            "p(90)": 1.6503457000000012,
            "p(95)": 1.9418225
        },
        "http_reqs": {
            "count": 4802,
            "rate": 20.00810188436266
        },
        "vus": {
            "value": 0,
            "min": 0,
            "max": 0
        },
        "http_req_sending": {
            "max": 1.802044,
            "p(90)": 0.018224700000000003,
            "p(95)": 0.02085695,
            "avg": 0.016075468971262,
            "min": 0.010946,
            "med": 0.0144045
        }
    },
    "root_group": {
        "path": "",
        "id": "d41d8cd98f00b204e9800998ecf8427e",
        "groups": {},
        "checks": {
                "status 200": {
                    "name": "status 200",
                    "path": "::status 200",
                    "id": "fad9fa412b86fcb03bee97c80dcd61f1",
                    "passes": 4802,
                    "fails": 0
                }
            },
        "name": ""
    }
}