{
    "metrics": {
        "http_req_sending": {
            "med": 0.013011,
            "p(90)": 0.018621,
            "p(95)": 0.023349899999999965,
            "p(99)": 0.039843899999999904,
            "p(99.9)": 0.05584199000000011,
            "max": 6.376429,
            "avg": 0.013909098323163883,
            "min": 0.00521
        },
        "http_req_failed{expected_response:true}": {
            "passes": 0,
            "fails": 205295,
            "thresholds": {
                "rate<0.01": false
            },
            "value": 0
        },
        "http_req_blocked": {
            "max": 10.104666,
            "avg": 0.011043076383552,
            "min": 0.001791,
            "med": 0.003756,
            "p(90)": 0.005272,
            "p(95)": 0.09947999999999965,
            "p(99)": 0.16144394999999995,
            "p(99.9)": 0.18604393700000066
        },
        "iteration_duration": {
            "p(99.9)": 8.266887650000593,
            "max": 206.438472,
            "avg": 0.5609529718891506,
            "min": 0.256827,
            "med": 0.462316,
            "p(90)": 0.7345434,
            "p(95)": 0.9574705499999998,
            "p(99)": 1.4743979600000001
        },
        "dropped_iterations": {
            "count": 0,
            "rate": 0,
            "thresholds": {
                "count<1": false
            }
        },
        "checks": {
            "passes": 216002,
            "fails": 0,
            "value": 1
        },
        "vus": {
            "value": 0,
            "min": 0,
            "max": 3
        },
        "http_req_receiving": {
            "p(90)": 0.050463,
            "p(95)": 0.06936889999999997,
            "p(99)": 0.11139894999999995,
            "p(99.9)": 0.34729903500001036,
            "max": 37.92229,
            "avg": 0.040649098804639884,
            "min": 0.010011,
            "med": 0.033384
        },
        "http_req_connecting": {
            "p(95)": 0.064205,
            "p(99)": 0.11069297999999998,
            "p(99.9)": 0.13402790100000106,
            "max": 10.065106,
            "avg": 0.004943725076619676,
            "min": 0,
            "med": 0,
            "p(90)": 0
        },
        "vus_max": {
            "value": 150,
            "min": 150,
            "max": 150
        },
        "data_received": {
            "count": 54327732,
            "rate": 75455.04246065544
        },
        "http_req_waiting": {
            "max": 205.756597,
            "avg": 0.38524644494958354,
            "min": 0.137105,
            "med": 0.310297,
            "p(90)": 0.49399979999999993,
            "p(95)": 0.7501173999999994,
            "p(99)": 1.1901095299999995,
            "p(99.9)": 7.3046115000000595
        },
        "data_sent": {
            "rate": 31667.433933248092,
            "count": 22800595
        },
        "http_req_failed": {
            "passes": 10707,
            "fails": 205295,
            "value": 0.04956898547235674
        },
        "http_req_duration": {
            "avg": 0.4398046420773781,
            "min": 0.1671,
            "med": 0.3529815,
            "p(90)": 0.5558768,
            "p(95)": 0.834645199999999,
            "p(99)": 1.319367969999999,
            "p(99.9)": 8.096007654001568,
            "max": 206.008719
        },
        "http_req_duration{expected_response:true}": {
            "p(99)": 1.1371223599999996,
            "p(99.9)": 7.555175766000417,
            "max": 186.099062,
            "avg": 0.4089332092988049,
            "min": 0.1671,
            "med": 0.345172,
            "p(90)": 0.49849360000000004,
            "p(95)": 0.5599324
        },
        "http_req_tls_handshaking": {
            "p(95)": 0,
            "p(99)": 0,
            "p(99.9)": 0,
            "max": 0,
            "avg": 0,
            "min": 0,
            "med": 0,
            "p(90)": 0
        },
        "http_reqs": {
            "count": 216002,
            "rate": 300.00221768113744
        },
        "iterations": {
            "count": 216002,
            "rate": 300.00221768113744
        }
    },
    "root_group": {
        "path": "",
        "id": "d41d8cd98f00b204e9800998ecf8427e",
        "groups": {},
        "checks": {
                "GET 200": {
                    "name": "GET 200",
                    "path": "::GET 200",
                    "id": "835c47aa361246554e0c8a59faa18f11",
                    "passes": 172485,
                    "fails": 0
                },
                "POST 200": {
                    "name": "POST 200",
                    "path": "::POST 200",
                    "id": "d3a9382a11b43b7d4d766cf3d93cf984",
                    "passes": 32810,
                    "fails": 0
                },
                "error endpoint returns 5xx": {
                    "id": "4b565ac5e80a340a07119895dabae4b1",
                    "passes": 10707,
                    "fails": 0,
                    "name": "error endpoint returns 5xx",
                    "path": "::error endpoint returns 5xx"
                }
            },
        "name": ""
    }
}