{
    "root_group": {
        "path": "",
        "id": "d41d8cd98f00b204e9800998ecf8427e",
        "groups": {},
        "checks": {
                "GET 200": {
                    "name": "GET 200",
                    "path": "::GET 200",
                    "id": "835c47aa361246554e0c8a59faa18f11",
                    "passes": 172620,
                    "fails": 0
                },
                "POST 200": {
                    "id": "d3a9382a11b43b7d4d766cf3d93cf984",
                    "passes": 32604,
                    "fails": 0,
                    "name": "POST 200",
                    "path": "::POST 200"
                },
                "error endpoint returns 5xx": {
                    "passes": 10777,
                    "fails": 0,
                    "name": "error endpoint returns 5xx",
                    "path": "::error endpoint returns 5xx",
                    "id": "4b565ac5e80a340a07119895dabae4b1"
                }
            },
        "name": ""
    },
    "metrics": {
        "vus": {
            "value": 0,
            "min": 0,
            "max": 6
        },
        "http_req_failed": {
            "passes": 10777,
            "fails": 205224,
            "value": 0.04989328753107625
        },
        "http_req_blocked": {
            "med": 0.003964,
            "p(90)": 0.006033,
            "p(95)": 0.106687,
            "p(99)": 0.164321,
            "p(99.9)": 0.36470000000002234,
            "max": 85.110653,
            "avg": 0.013589101800454577,
            "min": 0.00183
        },
        "http_req_connecting": {
            "med": 0,
            "p(90)": 0,
            "p(95)": 0.066035,
            "p(99)": 0.109921,
            "p(99.9)": 0.13800000000000862,
            "max": 26.517911,
            "avg": 0.005614679682038462,
            "min": 0
        },
        "http_reqs": {
            "rate": 300.00027622828105,
            "count": 216001
        },
        "http_req_duration": {
            "p(99)": 1.572463,
            "p(99.9)": 15.096656000003552,
            "max": 219.473573,
            "avg": 0.4544519757362312,
            "min": 0.155166,
            "med": 0.323112,
            "p(90)": 0.539855,
            "p(95)": 0.856026
        },
        "http_req_waiting": {
            "p(95)": 0.768876,
            "p(99)": 1.41364,
            "p(99.9)": 12.933643000000119,
            "max": 219.257532,
            "avg": 0.3930990476942228,
            "min": 0.126089,
            "med": 0.275858,
            "p(90)": 0.469179
        },
        "data_sent": {
            "count": 22780896,
            "rate": 31640.01598477666
        },
        "vus_max": {
            "value": 150,
            "min": 150,
            "max": 150
        },
        "checks": {
            "passes": 216001,
            "fails": 0,
            "value": 1
        },
        "http_req_failed{expected_response:true}": {
            "passes": 0,
            "fails": 205224,
            "thresholds": {
                "rate<0.01": false
            },
            "value": 0
        },
        "iterations": {
            "count": 216001,
            "rate": 300.00027622828105
        },
        "http_req_sending": {
            "p(99.9)": 0.2758510000000193,
            "max": 96.440189,
            "avg": 0.018341146152101463,
            "min": 0.004903,
            "med": 0.012835,
            "p(90)": 0.01925,
            "p(95)": 0.026186,
            "p(99)": 0.04494
        },
        "iteration_duration": {
            "avg": 0.6747611281938615,
            "min": 0.258399,
            "med": 0.46385,
            "p(90)": 0.789657,
            "p(95)": 1.009013,
            "p(99)": 1.871951,
            "p(99.9)": 22.4163560000061,
            "max": 372.856792
        },
        "http_req_tls_handshaking": {
            "avg": 0,
            "min": 0,
            "med": 0,
            "p(90)": 0,
            "p(95)": 0,
            "p(99)": 0,
            "p(99.9)": 0,
            "max": 0
        },
        "dropped_iterations": {
            "count": 0,
            "rate": 0,
            "thresholds": {
                "count<1": false
            }
        },
        "data_received": {
            "count": 54335335,
            "rate": 75465.46316431955
        },
        "http_req_duration{expected_response:true}": {
            "med": 0.314912,
            "p(90)": 0.49234180000000005,
            "p(95)": 0.5474246499999997,
            "p(99)": 1.3803298799999932,
            "p(99.9)": 14.179313990007582,
            "max": 206.413717,
            "avg": 0.41918823121077947,
            "min": 0.155166
        },
        "http_req_receiving": {
            "avg": 0.04301178188989856,
            "min": 0.009997,
            "med": 0.033323,
            "p(90)": 0.052317,
            "p(95)": 0.071536,
            "p(99)": 0.153025,
            "p(99.9)": 0.4762310000000743,
            "max": 138.770547
        }
    }
}