{
    "root_group": {
        "id": "d41d8cd98f00b204e9800998ecf8427e",
        "groups": {},
        "checks": {
                "status 200": {
                    "id": "fad9fa412b86fcb03bee97c80dcd61f1",
                    "passes": 4802,
                    "fails": 0,
                    "name": "status 200",
                    "path": "::status 200"
                }
            },
        "name": "",
        "path": ""
    },
    "metrics": {
        "http_req_duration{expected_response:true}": {
            "max": 20.925757,
            "p(90)": 1.6637104000000011,
            "p(95)": 1.9602889999999993,
            "avg": 1.0717834202415661,
            "min": 0.569602,
            "med": 0.8698494999999999
        },
        "vus_max": {
            "value": 100,
            "min": 100,
            "max": 100
        },
        "dropped_iterations": {
            "count": 0,
            "rate": 0,
            "thresholds": {
                "count==0": false
            }
        },
        "iterations": {
            "count": 4802,
            "rate": 20.008177784090254
        },
        "http_req_blocked": {
            "avg": 0.010897991878384054,
            "min": 0.004143,
            "med": 0.00519,
            "max": 5.682818,
            "p(90)": 0.007382300000000009,
            "p(95)": 0.013643699999999998
        },
        "http_req_tls_handshaking": {
            "avg": 0,
            "min": 0,
            "med": 0,
            "max": 0,
            "p(90)": 0,
            "p(95)": 0
        },
        "http_req_failed": {
            "passes": 0,
            "fails": 4802,
            "thresholds": {
                "rate<0.001": false
            },
            "value": 0
        },
        "http_req_connecting": {
            "avg": 0.004127202207413577,
            "min": 0,
            "med": 0,
            "max": 5.632146,
            "p(90)": 0,
            "p(95)": 0
        },
        "checks": {
            "passes": 4802,
            "fails": 0,
            "value": 1
        },
        "http_req_waiting": {
            "avg": 0.9192225239483552,
            "min": 0.470775,
            "med": 0.7394085,
            "max": 20.182154,
            "p(90)": 1.4093972000000001,
            "p(95)": 1.6883584
        },
        "vus": {
            "value": 0,
            "min": 0,
            "max": 0
        },
        "data_sent": {
            "count": 436982,
            "rate": 1820.7441783522133
        },
        "http_req_duration": {
            "max": 20.925757,
            "p(90)": 1.6637104000000011,
            "p(95)": 1.9602889999999993,
            "avg": 1.0717834202415661,
            "min": 0.569602,
            "med": 0.8698494999999999
        },
        "iteration_duration": {
            "p(95)": 2.11365795,
            "avg": 1.2175266516034988,
            "min": 0.690855,
            "med": 1.011564,
            "max": 21.466986,
            "p(90)": 1.8127536000000004
        },
        "http_req_sending": {
            "max": 0.075152,
            "p(90)": 0.0184727,
            "p(95)": 0.0222376,
            "avg": 0.01580492461474386,
            "min": 0.01102,
            "med": 0.014508
        },
        "data_received": {
            "count": 816340,
            "rate": 3401.3902232953433
        },
        "http_req_receiving": {
            "p(95)": 0.2769733999999998,
            "avg": 0.13675597167846784,
            "min": 0.033852,
            "med": 0.127205,
            "max": 0.783672,
            "p(90)": 0.23368900000000023
        },
        "http_reqs": {
            "count": 4802,
            "rate": 20.008177784090254
        }
    }
}