{
    "root_group": {
        "groups": {},
        "checks": {
                "GET 200": {
                    "fails": 0,
                    "name": "GET 200",
                    "path": "::GET 200",
                    "id": "835c47aa361246554e0c8a59faa18f11",
                    "passes": 172956
                },
                "POST 200": {
                    "name": "POST 200",
                    "path": "::POST 200",
                    "id": "d3a9382a11b43b7d4d766cf3d93cf984",
                    "passes": 32187,
                    "fails": 0
                },
                "error endpoint returns 5xx": {
                    "name": "error endpoint returns 5xx",
                    "path": "::error endpoint returns 5xx",
                    "id": "4b565ac5e80a340a07119895dabae4b1",
                    "passes": 10858,
                    "fails": 0
                }
            },
        "name": "",
        "path": "",
        "id": "d41d8cd98f00b204e9800998ecf8427e"
    },
    "metrics": {
        "iteration_duration": {
            "p(99.9)": 6.211122000000932,
            "max": 96.752134,
            "avg": 0.5331523929611507,
            "min": 0.243099,
            "med": 0.443618,
            "p(90)": 0.736206,
            "p(95)": 0.91197,
            "p(99)": 1.450617
        },
        "dropped_iterations": {
            "rate": 0,
            "count": 0,
            "thresholds": {
                "count<1": false
            }
        },
        "http_req_waiting": {
            "p(90)": 0.407674,
            "p(95)": 0.661772,
            "p(99)": 1.045181,
            "p(99.9)": 4.530749000000302,
            "max": 95.724457,
            "avg": 0.325250439743332,
            "min": 0.116264,
            "med": 0.254596
        },
        "http_req_receiving": {
            "min": 0.010488,
            "med": 0.031496,
            "p(90)": 0.051211,
            "p(95)": 0.067794,
            "p(99)": 0.138526,
            "p(99.9)": 0.3817140000000224,
            "max": 34.241863,
            "avg": 0.03865193006513852
        },
        "http_req_blocked": {
            "min": 0.001936,
            "med": 0.003908,
            "p(90)": 0.006055,
            "p(95)": 0.10699,
            "p(99)": 0.165132,
            "p(99.9)": 0.3526130000000006,
            "max": 17.017699,
            "avg": 0.012512995180577796
        },
        "http_req_connecting": {
            "max": 10.263302,
            "avg": 0.005226411002726818,
            "min": 0,
            "med": 0,
            "p(90)": 0,
            "p(95)": 0.0671,
            "p(99)": 0.110538,
            "p(99.9)": 0.13979200000000347
        },
        "data_sent": {
            "count": 22738378,
            "rate": 31580.984215394634
        },
        "http_req_failed": {
            "passes": 10858,
            "fails": 205143,
            "value": 0.05026828579497317
        },
        "vus": {
            "value": 1,
            "min": 0,
            "max": 1
        },
        "http_req_duration{expected_response:true}": {
            "p(95)": 0.4805518999999999,
            "p(99)": 0.9699636799999884,
            "p(99.9)": 5.227985322000209,
            "max": 96.117241,
            "avg": 0.3534573741390185,
            "min": 0.146635,
            "med": 0.292787,
            "p(90)": 0.4418056
        },
        "data_received": {
            "rate": 74782.33992641894,
            "count": 53843449
        },
        "http_req_failed{expected_response:true}": {
            "passes": 0,
            "fails": 205143,
            "thresholds": {
                "rate<0.01": false
            },
            "value": 0
        },
        "iterations": {
            "count": 216001,
            "rate": 300.0004737149438
        },
        "vus_max": {
            "value": 300,
            "min": 300,
            "max": 300
        },
        "http_reqs": {
            "count": 216001,
            "rate": 300.0004737149438
        },
        "checks": {
            "passes": 216001,
            "fails": 0,
            "value": 1
        },
        "http_req_tls_handshaking": {
            "max": 0,
            "avg": 0,
            "min": 0,
            "med": 0,
            "p(90)": 0,
            "p(95)": 0,
            "p(99)": 0,
            "p(99.9)": 0
        },
        "http_req_sending": {
            "p(99)": 0.046081,
            "p(99.9)": 0.2792590000000041,
            "max": 76.175405,
            "avg": 0.016692849167364975,
            "min": 0.005205,
            "med": 0.012603,
            "p(90)": 0.019091,
            "p(95)": 0.0261
        },
        "http_req_duration": {
            "p(90)": 0.476017,
            "p(95)": 0.748849,
            "p(99)": 1.163252,
            "p(99.9)": 5.584971000000069,
            "max": 96.117241,
            "avg": 0.3805952189758394,
            "min": 0.146635,
            "med": 0.301665
        }
    }
}