{
    "root_group": {
        "name": "",
        "path": "",
        "id": "d41d8cd98f00b204e9800998ecf8427e",
        "groups": {},
        "checks": {
                "GET 200": {
                    "passes": 172605,
                    "fails": 0,
                    "name": "GET 200",
                    "path": "::GET 200",
                    "id": "835c47aa361246554e0c8a59faa18f11"
                },
                "POST 200": {
                    "passes": 32536,
                    "fails": 0,
                    "name": "POST 200",
                    "path": "::POST 200",
                    "id": "d3a9382a11b43b7d4d766cf3d93cf984"
                },
                "error endpoint returns 5xx": {
                    "fails": 0,
                    "name": "error endpoint returns 5xx",
                    "path": "::error endpoint returns 5xx",
                    "id": "4b565ac5e80a340a07119895dabae4b1",
                    "passes": 10860
                }
            }
    },
    "metrics": {
        "data_received": {
            "count": 54343738,
            "rate": 75477.31924347545
        },
        "http_req_receiving": {
            "p(95)": 0.071911,
            "p(99)": 0.145882,
            "p(99.9)": 0.38317700000000265,
            "max": 39.906027,
            "avg": 0.04091090512081007,
            "min": 0.010521,
            "med": 0.033599,
            "p(90)": 0.052484
        },
        "dropped_iterations": {
            "count": 0,
            "rate": 0,
            "thresholds": {
                "count<1": false
            }
        },
        "http_req_blocked": {
            "avg": 0.011165809093476463,
            "min": 0.001884,
            "med": 0.003897,
            "p(90)": 0.005282,
            "p(95)": 0.104258,
            "p(99)": 0.161297,
            "p(99.9)": 0.18575800000000287,
            "max": 7.181047
        },
        "http_req_tls_handshaking": {
            "med": 0,
            "p(90)": 0,
            "p(95)": 0,
            "p(99)": 0,
            "p(99.9)": 0,
            "max": 0,
            "avg": 0,
            "min": 0
        },
        "http_req_failed": {
            "passes": 10860,
            "fails": 205141,
            "value": 0.050277545011365686
        },
        "http_req_sending": {
            "med": 0.012936,
            "p(90)": 0.018458,
            "p(95)": 0.023439,
            "p(99)": 0.039305,
            "p(99.9)": 0.058513000000001106,
            "max": 0.366688,
            "avg": 0.01380047146078047,
            "min": 0.005329
        },
        "iteration_duration": {
            "p(90)": 0.77211,
            "p(95)": 1.001846,
            "p(99)": 1.570022,
            "p(99.9)": 8.37390700000148,
            "max": 220.01078,
            "avg": 0.58464094150027,
            "min": 0.262919,
            "med": 0.477894
        },
        "http_reqs": {
            "count": 216001,
            "rate": 300.001012700119
        },
        "checks": {
            "passes": 216001,
            "fails": 0,
            "value": 1
        },
        "vus_max": {
            "min": 150,
            "max": 150,
            "value": 150
        },
        "http_req_waiting": {
            "p(99.9)": 7.460600000000428,
            "max": 215.262381,
            "avg": 0.4087422606561968,
            "min": 0.141211,
            "med": 0.32237,
            "p(90)": 0.524216,
            "p(95)": 0.796641,
            "p(99)": 1.274413
        },
        "http_req_duration{expected_response:true}": {
            "p(95)": 0.597522,
            "p(99)": 1.2206938000000018,
            "p(99.9)": 7.679774520000496,
            "max": 213.193663,
            "avg": 0.4296053527037457,
            "min": 0.173414,
            "med": 0.357582,
            "p(90)": 0.52753
        },
        "data_sent": {
            "count": 22772992,
            "rate": 31629.115893962105
        },
        "http_req_failed{expected_response:true}": {
            "passes": 0,
            "fails": 205141,
            "thresholds": {
                "rate<0.01": false
            },
            "value": 0
        },
        "http_req_duration": {
            "min": 0.173414,
            "med": 0.366373,
            "p(90)": 0.591732,
            "p(95)": 0.879197,
            "p(99)": 1.411127,
            "p(99.9)": 8.221135000002713,
            "max": 219.461686,
            "avg": 0.46345363723778477
        },
        "vus": {
            "value": 1,
            "min": 0,
            "max": 2
        },
        "http_req_connecting": {
            "min": 0,
            "med": 0,
            "p(90)": 0,
            "p(95)": 0.067556,
            "p(99)": 0.111081,
            "p(99.9)": 0.1338170000000018,
            "max": 7.12724,
            "avg": 0.004975252346053952
        },
        "iterations": {
            "count": 216001,
            "rate": 300.001012700119
        }
    }
}