{
    "root_group": {
        "groups": {},
        "checks": {
                "GET 200": {
                    "name": "GET 200",
                    "path": "::GET 200",
                    "id": "835c47aa361246554e0c8a59faa18f11",
                    "passes": 172567,
                    "fails": 0
                },
                "POST 200": {
                    "fails": 0,
                    "name": "POST 200",
                    "path": "::POST 200",
                    "id": "d3a9382a11b43b7d4d766cf3d93cf984",
                    "passes": 32568
                },
                "error endpoint returns 5xx": {
                    "fails": 0,
                    "name": "error endpoint returns 5xx",
                    "path": "::error endpoint returns 5xx",
                    "id": "4b565ac5e80a340a07119895dabae4b1",
                    "passes": 10867
                }
            },
        "name": "",
        "path": "",
        "id": "d41d8cd98f00b204e9800998ecf8427e"
    },
    "metrics": {
        "vus": {
            "value": 0,
            "min": 0,
            "max": 2
        },
        "iteration_duration": {
            "med": 0.4696015,
            "p(90)": 0.7526132,
            "p(95)": 0.9783414999999999,
            "p(99)": 1.569166499999991,
            "p(99.9)": 9.037049926000034,
            "max": 230.327215,
            "avg": 0.5708474007925916,
            "min": 0.245381
        },
        "http_req_failed": {
            "fails": 205135,
            "passes": 10867,
            "value": 0.05030971935445042
        },
        "http_req_sending": {
            "min": 0.005179,
            "med": 0.01316,
            "p(90)": 0.018506,
            "p(95)": 0.023482799999999932,
            "p(99)": 0.040564,
            "p(99.9)": 0.058347984000000165,
            "max": 0.288163,
            "avg": 0.013885182396459392
        },
        "iterations": {
            "count": 216002,
            "rate": 300.00212677732935
        },
        "data_sent": {
            "count": 22776148,
            "rate": 31633.47024469781
        },
        "http_req_connecting": {
            "p(99)": 0.11038298999999999,
            "p(99.9)": 0.13262994900000055,
            "max": 9.477318,
            "avg": 0.005051490824159028,
            "min": 0,
            "med": 0,
            "p(90)": 0,
            "p(95)": 0.06711694999999998
        },
        "checks": {
            "passes": 216002,
            "fails": 0,
            "value": 1
        },
        "http_req_duration": {
            "p(99.9)": 8.893518037000643,
            "max": 229.900463,
            "avg": 0.44796746658826875,
            "min": 0.166315,
            "med": 0.3570325,
            "p(90)": 0.5681925999999999,
            "p(95)": 0.8558655999999991,
            "p(99)": 1.412804839999998
        },
        "data_received": {
            "count": 54344987,
            "rate": 75478.98482276236
        },
        "http_req_receiving": {
            "p(95)": 0.06837294999999999,
            "p(99)": 0.11274372999999975,
            "p(99.9)": 0.37357538300000664,
            "max": 28.365882,
            "avg": 0.04032300997675887,
            "min": 0.010347,
            "med": 0.033689,
            "p(90)": 0.050120799999999986
        },
        "http_req_tls_handshaking": {
            "max": 0,
            "avg": 0,
            "min": 0,
            "med": 0,
            "p(90)": 0,
            "p(95)": 0,
            "p(99)": 0,
            "p(99.9)": 0
        },
        "http_req_waiting": {
            "p(90)": 0.5066383999999999,
            "p(95)": 0.773813149999999,
            "p(99)": 1.2894368799999991,
            "p(99.9)": 7.604530682000218,
            "max": 229.604849,
            "avg": 0.39375927421504975,
            "min": 0.129798,
            "med": 0.31460200000000005
        },
        "http_req_failed{expected_response:true}": {
            "fails": 205135,
            "passes": 0,
            "thresholds": {
                "rate<0.01": false
            },
            "value": 0
        },
        "vus_max": {
            "value": 150,
            "min": 150,
            "max": 150
        },
        "dropped_iterations": {
            "count": 0,
            "rate": 0,
            "thresholds": {
                "count<1": false
            }
        },
        "http_req_blocked": {
            "min": 0.001762,
            "med": 0.003939,
            "p(90)": 0.005297,
            "p(95)": 0.10388694999999998,
            "p(99)": 0.16106986999999987,
            "p(99.9)": 0.18565795200000051,
            "max": 9.511522,
            "avg": 0.011256290066758714
        },
        "http_reqs": {
            "rate": 300.00212677732935,
            "count": 216002
        },
        "http_req_duration{expected_response:true}": {
            "med": 0.351326,
            "p(90)": 0.5071298000000001,
            "p(95)": 0.5719446999999999,
            "p(99)": 1.2516461600000004,
            "p(99.9)": 8.186179262000547,
            "max": 152.690275,
            "avg": 0.41552806447461393,
            "min": 0.166315
        }
    }
}