{
    "metrics": {
        "http_req_failed": {
            "passes": 10762,
            "fails": 205240,
            "value": 0.049823612744326444
        },
        "data_sent": {
            "count": 22771029,
            "rate": 31626.32785576652
        },
        "http_req_blocked": {
            "p(99)": 0.16247496999999997,
            "p(99.9)": 0.19042484900000162,
            "max": 16.090085,
            "avg": 0.01119531028416426,
            "min": 0.001905,
            "med": 0.003872,
            "p(90)": 0.005284,
            "p(95)": 0.10198879999999992
        },
        "http_req_tls_handshaking": {
            "p(99)": 0,
            "p(99.9)": 0,
            "max": 0,
            "avg": 0,
            "min": 0,
            "med": 0,
            "p(90)": 0,
            "p(95)": 0
        },
        "http_req_receiving": {
            "avg": 0.03943397682891738,
            "min": 0.010057,
            "med": 0.034164,
            "p(90)": 0.051091899999999996,
            "p(95)": 0.06877589999999997,
            "p(99)": 0.11364986999999988,
            "p(99.9)": 0.3118167880000023,
            "max": 29.630668
        },
        "http_req_connecting": {
            "p(95)": 0.06638024999999974,
            "p(99)": 0.11160896999999997,
            "p(99.9)": 0.13885596000000044,
            "max": 16.046558,
            "avg": 0.005048495037082998,
            "min": 0,
            "med": 0,
            "p(90)": 0
        },
        "data_received": {
            "count": 54334122,
            "rate": 75463.81659463947
        },
        "http_reqs": {
            "count": 216002,
            "rate": 300.0018167602914
        },
        "iteration_duration": {
            "max": 129.253882,
            "avg": 0.5525569611855463,
            "min": 0.258029,
            "med": 0.4593915,
            "p(90)": 0.7365046,
            "p(95)": 0.9530790999999997,
            "p(99)": 1.492829959999987,
            "p(99.9)": 7.771933341000403
        },
        "checks": {
            "passes": 216002,
            "fails": 0,
            "value": 1
        },
        "iterations": {
            "count": 216002,
            "rate": 300.0018167602914
        },
        "vus": {
            "value": 1,
            "min": 0,
            "max": 2
        },
        "http_req_duration": {
            "p(99.9)": 7.5667265820001335,
            "max": 128.861262,
            "avg": 0.4308814235516393,
            "min": 0.162776,
            "med": 0.3497895,
            "p(90)": 0.5573729,
            "p(95)": 0.8271480499999994,
            "p(99)": 1.3337402499999949
        },
        "vus_max": {
            "value": 150,
            "min": 150,
            "max": 150
        },
        "http_req_duration{expected_response:true}": {
            "p(99.9)": 6.451816434001773,
            "max": 72.106091,
            "avg": 0.3997796144416335,
            "min": 0.162776,
            "med": 0.343052,
            "p(90)": 0.4969363,
            "p(95)": 0.5610933999999999,
            "p(99)": 1.1355679599999966
        },
        "http_req_waiting": {
            "p(90)": 0.4948257,
            "p(95)": 0.7421916499999999,
            "p(99)": 1.2080895399999976,
            "p(99.9)": 6.817713155000491,
            "max": 128.604165,
            "avg": 0.37765353633761994,
            "min": 0.135792,
            "med": 0.3063525
        },
        "http_req_failed{expected_response:true}": {
            "passes": 0,
            "fails": 205240,
            "thresholds": {
                "rate<0.01": false
            },
            "value": 0
        },
        "dropped_iterations": {
            "count": 0,
            "rate": 0,
            "thresholds": {
                "count<1": false
            }
        },
        "http_req_sending": {
            "med": 0.012906,
            "p(90)": 0.018468,
            "p(95)": 0.02313594999999998,
            "p(99)": 0.03943686999999988,
            "p(99.9)": 0.05811997800000023,
            "max": 0.329925,
            "avg": 0.013793910385089198,
            "min": 0.005237
        }
    },
    "root_group": {
        "groups": {},
        "checks": {
                "GET 200": {
                    "id": "835c47aa361246554e0c8a59faa18f11",
                    "passes": 172749,
                    "fails": 0,
                    "name": "GET 200",
                    "path": "::GET 200"
                },
                "POST 200": {
                    "name": "POST 200",
                    "path": "::POST 200",
                    "id": "d3a9382a11b43b7d4d766cf3d93cf984",
                    "passes": 32491,
                    "fails": 0
                },
                "error endpoint returns 5xx": {
                    "passes": 10762,
                    "fails": 0,
                    "name": "error endpoint returns 5xx",
                    "path": "::error endpoint returns 5xx",
                    "id": "4b565ac5e80a340a07119895dabae4b1"
                }
            },
        "name": "",
        "path": "",
        "id": "d41d8cd98f00b204e9800998ecf8427e"
    }
}