{
    "root_group": {
        "checks": {
            "GET 200": {
                "passes": 172535,
                "fails": 0,
                "name": "GET 200",
                "path": "::GET 200",
                "id": "835c47aa361246554e0c8a59faa18f11"
            },
            "POST 200": {
                "path": "::POST 200",
                "id": "d3a9382a11b43b7d4d766cf3d93cf984",
                "passes": 32681,
                "fails": 0,
                "name": "POST 200"
            },
            "error endpoint returns 5xx": {
                "name": "error endpoint returns 5xx",
                "path": "::error endpoint returns 5xx",
                "id": "4b565ac5e80a340a07119895dabae4b1",
                "passes": 10786,
                "fails": 0
            }
        },
        "name": "",
        "path": "",
        "id": "d41d8cd98f00b204e9800998ecf8427e",
        "groups": {}
    },
    "metrics": {
        "http_req_failed{expected_response:true}": {
            "passes": 0,
            "fails": 205216,
            "thresholds": {
                "rate<0.01": false
            },
            "value": 0
        },
        "http_reqs": {
            "count": 216002,
            "rate": 300.0020217518495
        },
        "http_req_receiving": {
            "p(99.9)": 0.5146969240000436,
            "max": 42.976394,
            "avg": 0.04343494476440082,
            "min": 0.010414,
            "med": 0.032591,
            "p(90)": 0.0520509,
            "p(95)": 0.07168879999999993,
            "p(99)": 0.16394768999999973
        },
        "iterations": {
            "count": 216002,
            "rate": 300.0020217518495
        },
        "http_req_sending": {
            "avg": 0.01703099058342059,
            "min": 0.005121,
            "med": 0.012766,
            "p(90)": 0.019076,
            "p(95)": 0.026557899999999964,
            "p(99)": 0.046883929999999935,
            "p(99.9)": 0.27995349300000544,
            "max": 97.822117
        },
        "http_req_connecting": {
            "med": 0,
            "p(90)": 0,
            "p(95)": 0.06636284999999996,
            "p(99)": 0.11107994999999996,
            "p(99.9)": 0.15207003700001032,
            "max": 9.729804,
            "avg": 0.005146272812288774,
            "min": 0
        },
        "http_req_tls_handshaking": {
            "p(90)": 0,
            "p(95)": 0,
            "p(99)": 0,
            "p(99.9)": 0,
            "max": 0,
            "avg": 0,
            "min": 0,
            "med": 0
        },
        "vus_max": {
            "min": 150,
            "max": 150,
            "value": 150
        },
        "http_req_waiting": {
            "min": 0.132526,
            "med": 0.278033,
            "p(90)": 0.46147609999999994,
            "p(95)": 0.7613895499999987,
            "p(99)": 1.3311397899999988,
            "p(99.9)": 11.051564640000185,
            "max": 225.243729,
            "avg": 0.3885702300163991
        },
        "checks": {
            "passes": 216002,
            "fails": 0,
            "value": 1
        },
        "data_received": {
            "count": 54335851,
            "rate": 75466.26954198227
        },
        "http_req_failed": {
            "passes": 10786,
            "fails": 205216,
            "value": 0.04993472282664049
        },
        "http_req_duration": {
            "p(90)": 0.5318799999999998,
            "p(95)": 0.8498349999999989,
            "p(99)": 1.4966055499999968,
            "p(99.9)": 14.67624999700031,
            "max": 225.496795,
            "avg": 0.44903616536420893,
            "min": 0.168111,
            "med": 0.32547899999999996
        },
        "http_req_duration{expected_response:true}": {
            "max": 199.008911,
            "avg": 0.41447035594690534,
            "min": 0.168111,
            "med": 0.3164555,
            "p(90)": 0.489856,
            "p(95)": 0.53905675,
            "p(99)": 1.3170894500000003,
            "p(99.9)": 13.339865680001129
        },
        "data_sent": {
            "count": 22788328,
            "rate": 31650.37579441061
        },
        "http_req_blocked": {
            "min": 0.001956,
            "med": 0.004007,
            "p(90)": 0.006171899999999995,
            "p(95)": 0.10935634999999942,
            "p(99)": 0.16733696999999997,
            "p(99.9)": 0.3925443840000066,
            "max": 51.642736,
            "avg": 0.01288880465921592
        },
        "dropped_iterations": {
            "count": 0,
            "rate": 0,
            "thresholds": {
                "count<1": false
            }
        },
        "iteration_duration": {
            "p(99)": 1.8538197799999987,
            "p(99.9)": 17.142660314000715,
            "max": 225.935011,
            "avg": 0.6146063374274435,
            "min": 0.260448,
            "med": 0.4730665,
            "p(90)": 0.8054985999999997,
            "p(95)": 1.021271
        },
        "vus": {
            "value": 0,
            "min": 0,
            "max": 16
        }
    }
}