{
    "root_group": {
        "id": "d41d8cd98f00b204e9800998ecf8427e",
        "groups": {},
        "checks": {
                "GET 200": {
                    "passes": 173003,
                    "fails": 0,
                    "name": "GET 200",
                    "path": "::GET 200",
                    "id": "835c47aa361246554e0c8a59faa18f11"
                },
                "POST 200": {
                    "name": "POST 200",
                    "path": "::POST 200",
                    "id": "d3a9382a11b43b7d4d766cf3d93cf984",
                    "passes": 32208,
                    "fails": 0
                },
                "error endpoint returns 5xx": {
                    "passes": 10791,
                    "fails": 0,
                    "name": "error endpoint returns 5xx",
                    "path": "::error endpoint returns 5xx",
                    "id": "4b565ac5e80a340a07119895dabae4b1"
                }
            },
        "name": "",
        "path": ""
    },
    "metrics": {
        "data_received": {
            "count": 54337157,
            "rate": 75468.03191824026
        },
        "data_sent": {
            "count": 22741865,
            "rate": 31585.822454794812
        },
        "vus_max": {
            "value": 150,
            "min": 150,
            "max": 150
        },
        "http_req_duration": {
            "avg": 0.45653877440949064,
            "min": 0.162812,
            "med": 0.35747399999999996,
            "p(90)": 0.6002844999999999,
            "p(95)": 0.8932817999999992,
            "p(99)": 1.5666782799999985,
            "p(99.9)": 9.936206130000695,
            "max": 171.993024
        },
        "iteration_duration": {
            "med": 0.5122645,
            "p(90)": 0.8722865999999999,
            "p(95)": 1.0972801499999993,
            "p(99)": 1.9803990799999938,
            "p(99.9)": 11.216931799000752,
            "max": 172.322471,
            "avg": 0.627542371769698,
            "min": 0.262308
        },
        "http_req_connecting": {
            "p(95)": 0.06723049999999982,
            "p(99)": 0.11042293999999994,
            "p(99.9)": 0.1509558600000015,
            "max": 11.683566,
            "avg": 0.005186298140757947,
            "min": 0,
            "med": 0,
            "p(90)": 0
        },
        "vus": {
            "value": 0,
            "min": 0,
            "max": 1
        },
        "http_req_failed{expected_response:true}": {
            "passes": 0,
            "fails": 205211,
            "thresholds": {
                "rate<0.01": false
            },
            "value": 0
        },
        "http_req_blocked": {
            "min": 0.001959,
            "med": 0.003969,
            "p(90)": 0.006082,
            "p(95)": 0.11946469999999851,
            "p(99)": 0.16999793999999996,
            "p(99.9)": 0.45384588700001194,
            "max": 11.721594,
            "avg": 0.01328973677095596
        },
        "http_req_receiving": {
            "p(99.9)": 0.5195268260000446,
            "max": 27.840765,
            "avg": 0.04233447237525598,
            "min": 0.010419,
            "med": 0.0328035,
            "p(90)": 0.055488,
            "p(95)": 0.07603279999999993,
            "p(99)": 0.18938086999999987
        },
        "http_reqs": {
            "count": 216002,
            "rate": 300.0018169961254
        },
        "checks": {
            "passes": 216002,
            "fails": 0,
            "value": 1
        },
        "http_req_waiting": {
            "max": 171.771436,
            "avg": 0.39787108685105904,
            "min": 0.119224,
            "med": 0.30950849999999996,
            "p(90)": 0.5257274999999999,
            "p(95)": 0.8045827999999999,
            "p(99)": 1.39111498,
            "p(99.9)": 8.8641239070012
        },
        "dropped_iterations": {
            "count": 0,
            "rate": 0,
            "thresholds": {
                "count<1": false
            }
        },
        "http_req_tls_handshaking": {
            "p(99)": 0,
            "p(99.9)": 0,
            "max": 0,
            "avg": 0,
            "min": 0,
            "med": 0,
            "p(90)": 0,
            "p(95)": 0
        },
        "http_req_sending": {
            "p(90)": 0.019585,
            "p(95)": 0.02763194999999998,
            "p(99)": 0.061095469999999506,
            "p(99.9)": 0.3185831730000088,
            "max": 22.358997,
            "avg": 0.016333215183192768,
            "min": 0.005186,
            "med": 0.013033
        },
        "http_req_duration{expected_response:true}": {
            "p(99.9)": 9.168440510000087,
            "max": 129.183748,
            "avg": 0.4230180817841046,
            "min": 0.162812,
            "med": 0.348402,
            "p(90)": 0.525998,
            "p(95)": 0.6069424999999999,
            "p(99)": 1.408925799999993
        },
        "http_req_failed": {
            "passes": 10791,
            "fails": 205211,
            "value": 0.04995787076045592
        },
        "iterations": {
            "count": 216002,
            "rate": 300.0018169961254
        }
    }
}