{
    "metrics": {
        "vus_max": {
            "value": 150,
            "min": 150,
            "max": 150
        },
        "http_req_connecting": {
            "p(99.9)": 0.14041309000000166,
            "max": 9.4662,
            "avg": 0.00506160174537035,
            "min": 0,
            "med": 0,
            "p(90)": 0,
            "p(95)": 0.06908294999999978,
            "p(99)": 0.110921
        },
        "data_received": {
            "count": 54370076,
            "rate": 75513.87028349012
        },
        "dropped_iterations": {
            "count": 0,
            "rate": 0,
            "thresholds": {
                "count<1": false
            }
        },
        "http_req_blocked": {
            "p(90)": 0.005387,
            "p(95)": 0.10695774999999959,
            "p(99)": 0.162096,
            "p(99.9)": 0.19304705900000108,
            "max": 9.517769,
            "avg": 0.011376048495370402,
            "min": 0.001883,
            "med": 0.004003
        },
        "iterations": {
            "count": 216000,
            "rate": 299.9995067366444
        },
        "http_req_sending": {
            "p(95)": 0.02387604999999999,
            "p(99)": 0.04049302000000002,
            "p(99.9)": 0.05636902300000043,
            "max": 0.340123,
            "avg": 0.013914069699074147,
            "min": 0.0053,
            "med": 0.013013,
            "p(90)": 0.018552
        },
        "http_reqs": {
            "count": 216000,
            "rate": 299.9995067366444
        },
        "http_req_duration{expected_response:true}": {
            "min": 0.164613,
            "med": 0.345969,
            "p(90)": 0.501465,
            "p(95)": 0.561314,
            "p(99)": 1.166457000000002,
            "p(99.9)": 8.5449934900008,
            "max": 110.650571,
            "avg": 0.4093661882122671
        },
        "data_sent": {
            "count": 22738056,
            "rate": 31580.581408102764
        },
        "http_req_waiting": {
            "p(95)": 0.7623648999999981,
            "p(99)": 1.2271196300000007,
            "p(99.9)": 7.214492304000098,
            "max": 117.160333,
            "avg": 0.38712357081018833,
            "min": 0.135539,
            "med": 0.31171499999999996,
            "p(90)": 0.4984061
        },
        "http_req_failed{expected_response:true}": {
            "passes": 0,
            "fails": 204891,
            "thresholds": {
                "rate<0.01": false
            },
            "value": 0
        },
        "iteration_duration": {
            "p(99)": 1.5181076100000062,
            "p(99.9)": 9.125129677000803,
            "max": 117.773441,
            "avg": 0.5631851310370278,
            "min": 0.256072,
            "med": 0.466766,
            "p(90)": 0.7441398000000002,
            "p(95)": 0.9662536999999993
        },
        "checks": {
            "passes": 216000,
            "fails": 0,
            "value": 1
        },
        "http_req_tls_handshaking": {
            "p(95)": 0,
            "p(99)": 0,
            "p(99.9)": 0,
            "max": 0,
            "avg": 0,
            "min": 0,
            "med": 0,
            "p(90)": 0
        },
        "vus": {
            "value": 0,
            "min": 0,
            "max": 1
        },
        "http_req_duration": {
            "p(95)": 0.8447141499999999,
            "p(99)": 1.3583898700000037,
            "p(99.9)": 8.869906001002079,
            "max": 117.402552,
            "avg": 0.44039745591666785,
            "min": 0.164613,
            "med": 0.353871,
            "p(90)": 0.5598253000000001
        },
        "http_req_receiving": {
            "max": 25.342926,
            "avg": 0.039359815407407454,
            "min": 0.010999,
            "med": 0.032947,
            "p(90)": 0.049397,
            "p(95)": 0.06839024999999994,
            "p(99)": 0.11330651000000048,
            "p(99.9)": 0.34545733900000625
        },
        "http_req_failed": {
            "passes": 11109,
            "fails": 204891,
            "value": 0.051430555555555556
        }
    },
    "root_group": {
        "name": "",
        "path": "",
        "id": "d41d8cd98f00b204e9800998ecf8427e",
        "groups": {},
        "checks": {
                "GET 200": {
                    "name": "GET 200",
                    "path": "::GET 200",
                    "id": "835c47aa361246554e0c8a59faa18f11",
                    "passes": 172698,
                    "fails": 0
                },
                "POST 200": {
                    "passes": 32193,
                    "fails": 0,
                    "name": "POST 200",
                    "path": "::POST 200",
                    "id": "d3a9382a11b43b7d4d766cf3d93cf984"
                },
                "error endpoint returns 5xx": {
                    "name": "error endpoint returns 5xx",
                    "path": "::error endpoint returns 5xx",
                    "id": "4b565ac5e80a340a07119895dabae4b1",
                    "passes": 11109,
                    "fails": 0
                }
            }
    }
}