{
    "root_group": {
        "name": "",
        "path": "",
        "id": "d41d8cd98f00b204e9800998ecf8427e",
        "groups": {},
        "checks": {
                "GET 200": {
                    "fails": 0,
                    "name": "GET 200",
                    "path": "::GET 200",
                    "id": "835c47aa361246554e0c8a59faa18f11",
                    "passes": 172393
                },
                "error endpoint returns 5xx": {
                    "name": "error endpoint returns 5xx",
                    "path": "::error endpoint returns 5xx",
                    "id": "4b565ac5e80a340a07119895dabae4b1",
                    "passes": 10933,
                    "fails": 0
                },
                "POST 200": {
                    "passes": 32438,
                    "fails": 0,
                    "name": "POST 200",
                    "path": "::POST 200",
                    "id": "d3a9382a11b43b7d4d766cf3d93cf984"
                }
            }
    },
    "metrics": {
        "http_req_blocked": {
            "avg": 0.01655072996885498,
            "min": 0.001785,
            "med": 0.003794,
            "p(90)": 0.006057,
            "p(95)": 0.1196638499999995,
            "p(99)": 0.17105411,
            "p(99.9)": 0.44403333800003364,
            "max": 204.687141
        },
        "iteration_duration": {
            "p(90)": 0.7833937000000003,
            "p(95)": 0.9583994999999975,
            "p(99)": 1.6335327499999992,
            "p(99.9)": 12.987665574000623,
            "max": 1211.625703,
            "avg": 0.6740109953374938,
            "min": 0.219788,
            "med": 0.4485135
        },
        "iterations": {
            "count": 215764,
            "rate": 299.67009021603576
        },
        "http_req_receiving": {
            "med": 0.032031,
            "p(90)": 0.05234640000000002,
            "p(95)": 0.0714383999999999,
            "p(99)": 0.1660802899999999,
            "p(99.9)": 0.39620408200000423,
            "max": 196.034285,
            "avg": 0.041228693632857194,
            "min": 0.009769
        },
        "http_req_failed{expected_response:true}": {
            "passes": 0,
            "fails": 204831,
            "thresholds": {
                "rate<0.01": false
            },
            "value": 0
        },
        "http_reqs": {
            "count": 215764,
            "rate": 299.67009021603576
        },
        "http_req_duration": {
            "p(95)": 0.7473162999999987,
            "p(99)": 1.1858707299999989,
            "p(99.9)": 10.381839057000043,
            "max": 1211.401817,
            "avg": 0.4909720661556164,
            "min": 0.141751,
            "med": 0.29583000000000004,
            "p(90)": 0.48368550000000005
        },
        "checks": {
            "passes": 215764,
            "fails": 0,
            "value": 1
        },
        "data_received": {
            "count": 53789996,
            "rate": 74707.79626833115
        },
        "http_req_tls_handshaking": {
            "med": 0,
            "p(90)": 0,
            "p(95)": 0,
            "p(99)": 0,
            "p(99.9)": 0,
            "max": 0,
            "avg": 0,
            "min": 0
        },
        "vus": {
            "value": 0,
            "min": 0,
            "max": 13
        },
        "dropped_iterations": {
            "rate": 0.3305532038311141,
            "count": 238,
            "thresholds": {
                "count<1": true
            }
        },
        "http_req_connecting": {
            "p(90)": 0,
            "p(95)": 0.06758934999999974,
            "p(99)": 0.11040673999999999,
            "p(99.9)": 0.15738881700000779,
            "max": 204.487693,
            "avg": 0.0075634157968891905,
            "min": 0,
            "med": 0
        },
        "vus_max": {
            "value": 301,
            "min": 300,
            "max": 301
        },
        "http_req_failed": {
            "passes": 10933,
            "fails": 204831,
            "value": 0.05067110361320702
        },
        "http_req_sending": {
            "min": 0.004676,
            "med": 0.012775,
            "p(90)": 0.019565,
            "p(95)": 0.028,
            "p(99)": 0.06009230999999924,
            "p(99.9)": 0.3366454980000035,
            "max": 1209.396727,
            "avg": 0.03157614187723611
        },
        "http_req_waiting": {
            "p(99.9)": 8.980475516000258,
            "max": 1206.324475,
            "avg": 0.41816723064551986,
            "min": 0.113325,
            "med": 0.249025,
            "p(90)": 0.40972520000000007,
            "p(95)": 0.6577007999999999,
            "p(99)": 1.0405236099999946
        },
        "http_req_duration{expected_response:true}": {
            "p(99)": 1.0316500000000035,
            "p(99.9)": 9.864319140000289,
            "max": 1211.401817,
            "avg": 0.4636707795499704,
            "min": 0.141751,
            "med": 0.288703,
            "p(90)": 0.445289,
            "p(95)": 0.4881295
        },
        "data_sent": {
            "rate": 31584.593346615253,
            "count": 22741069
        }
    }
}