{
    "root_group": {
        "name": "",
        "path": "",
        "id": "d41d8cd98f00b204e9800998ecf8427e",
        "groups": {},
        "checks": {
                "status 200": {
                    "name": "status 200",
                    "path": "::status 200",
                    "id": "fad9fa412b86fcb03bee97c80dcd61f1",
                    "passes": 4801,
                    "fails": 0
                }
            }
    },
    "metrics": {
        "http_req_sending": {
            "avg": 0.015429041449697988,
            "min": 0.01061,
            "med": 0.014159,
            "max": 0.268678,
            "p(90)": 0.01791,
            "p(95)": 0.020552
        },
        "vus_max": {
            "value": 100,
            "min": 100,
            "max": 100
        },
        "http_req_failed": {
            "fails": 4801,
            "passes": 0,
            "thresholds": {
                "rate<0.001": false
            },
            "value": 0
        },
        "http_req_duration": {
            "p(90)": 1.299143,
            "p(95)": 1.533214,
            "avg": 0.8418861255988327,
            "min": 0.413351,
            "med": 0.679344,
            "max": 6.498875
        },
        "http_req_blocked": {
            "min": 0.004153,
            "med": 0.005127,
            "max": 10.271905,
            "p(90)": 0.008456,
            "p(95)": 0.013883,
            "avg": 0.011904240783170185
        },
        "http_reqs": {
            "count": 4801,
            "rate": 20.004061203172245
        },
        "http_req_connecting": {
            "min": 0,
            "med": 0,
            "max": 10.204148,
            "p(90)": 0,
            "p(95)": 0,
            "avg": 0.0050256296604873985
        },
        "data_received": {
            "count": 816170,
            "rate": 3400.690404539282
        },
        "data_sent": {
            "count": 436891,
            "rate": 1820.3695694886744
        },
        "http_req_duration{expected_response:true}": {
            "max": 6.498875,
            "p(90)": 1.299143,
            "p(95)": 1.533214,
            "avg": 0.8418861255988327,
            "min": 0.413351,
            "med": 0.679344
        },
        "checks": {
            "passes": 4801,
            "fails": 0,
            "value": 1
        },
        "http_req_tls_handshaking": {
            "max": 0,
            "p(90)": 0,
            "p(95)": 0,
            "avg": 0,
            "min": 0,
            "med": 0
        },
        "http_req_waiting": {
            "p(95)": 1.284417,
            "avg": 0.7057497108935623,
            "min": 0.35363,
            "med": 0.576195,
            "max": 5.950461,
            "p(90)": 1.083559
        },
        "iterations": {
            "count": 4801,
            "rate": 20.004061203172245
        },
        "vus": {
            "value": 0,
            "min": 0,
            "max": 0
        },
        "iteration_duration": {
            "min": 0.520519,
            "med": 0.820796,
            "max": 11.573875,
            "p(90)": 1.453181,
            "p(95)": 1.68821,
            "avg": 0.9841040506144558
        },
        "http_req_receiving": {
            "avg": 0.12070737325557133,
            "min": 0.031025,
            "med": 0.107868,
            "max": 0.855043,
            "p(90)": 0.21356,
            "p(95)": 0.245371
        },
        "dropped_iterations": {
            "count": 0,
            "rate": 0,
            "thresholds": {
                "count==0": false
            }
        }
    }
}