{
    "metrics": {
        "iteration_duration": {
            "p(95)": 0.9544904999999998,
            "p(99)": 1.5271194599999949,
            "p(99.9)": 12.11092498400015,
            "max": 208.355477,
            "avg": 0.5726315536707972,
            "min": 0.2538,
            "med": 0.458639,
            "p(90)": 0.7319170999999999
        },
        "http_req_blocked": {
            "min": 0.0018,
            "med": 0.003902,
            "p(90)": 0.005245,
            "p(95)": 0.09896834999999977,
            "p(99)": 0.16137897999999998,
            "p(99.9)": 0.18380794000000064,
            "max": 10.00576,
            "avg": 0.011055112860066088
        },
        "http_req_connecting": {
            "min": 0,
            "med": 0,
            "p(90)": 0,
            "p(95)": 0.06382689999999717,
            "p(99)": 0.110742,
            "p(99.9)": 0.1296423560000069,
            "max": 9.96163,
            "avg": 0.004918002861084629
        },
        "vus_max": {
            "max": 150,
            "value": 150,
            "min": 150
        },
        "vus": {
            "value": 0,
            "min": 0,
            "max": 4
        },
        "http_req_failed{expected_response:true}": {
            "passes": 0,
            "fails": 205348,
            "thresholds": {
                "rate<0.01": false
            },
            "value": 0
        },
        "http_req_sending": {
            "p(99)": 0.03944096999999997,
            "p(99.9)": 0.056859421000006204,
            "max": 0.345656,
            "avg": 0.013827183840890425,
            "min": 0.005206,
            "med": 0.012933,
            "p(90)": 0.018315,
            "p(95)": 0.02298594999999998
        },
        "data_received": {
            "rate": 75447.91302713883,
            "count": 54322624
        },
        "http_req_duration{expected_response:true}": {
            "max": 207.965277,
            "avg": 0.42026276339676955,
            "min": 0.165123,
            "med": 0.343231,
            "p(90)": 0.4920183,
            "p(95)": 0.556577,
            "p(99)": 1.1863391099999998,
            "p(99.9)": 10.897827808000894
        },
        "http_req_receiving": {
            "avg": 0.04042313004509261,
            "min": 0.010373,
            "med": 0.034265,
            "p(90)": 0.049956,
            "p(95)": 0.06880794999999998,
            "p(99)": 0.11633296999999998,
            "p(99.9)": 0.3738126550000037,
            "max": 26.920576
        },
        "checks": {
            "passes": 216002,
            "fails": 0,
            "value": 1
        },
        "http_reqs": {
            "count": 216002,
            "rate": 300.0020785020996
        },
        "http_req_failed": {
            "passes": 10654,
            "fails": 205348,
            "value": 0.049323617373913206
        },
        "http_req_tls_handshaking": {
            "min": 0,
            "med": 0,
            "p(90)": 0,
            "p(95)": 0,
            "p(99)": 0,
            "p(99.9)": 0,
            "max": 0,
            "avg": 0
        },
        "dropped_iterations": {
            "count": 0,
            "rate": 0,
            "thresholds": {
                "count<1": false
            }
        },
        "data_sent": {
            "rate": 31664.072027459886,
            "count": 22798185
        },
        "iterations": {
            "count": 216002,
            "rate": 300.0020785020996
        },
        "http_req_duration": {
            "med": 0.349313,
            "p(90)": 0.5525509,
            "p(95)": 0.8320126499999999,
            "p(99)": 1.3665810599999935,
            "p(99.9)": 11.979269577000208,
            "max": 207.965277,
            "avg": 0.4509912182664993,
            "min": 0.165123
        },
        "http_req_waiting": {
            "p(99.9)": 10.674601552001622,
            "max": 207.44131,
            "avg": 0.39674090438051485,
            "min": 0.135525,
            "med": 0.30582,
            "p(90)": 0.4908344,
            "p(95)": 0.7477092499999998,
            "p(99)": 1.2258945999999995
        }
    },
    "root_group": {
        "checks": {
            "GET 200": {
                "name": "GET 200",
                "path": "::GET 200",
                "id": "835c47aa361246554e0c8a59faa18f11",
                "passes": 172565,
                "fails": 0
            },
            "error endpoint returns 5xx": {
                "name": "error endpoint returns 5xx",
                "path": "::error endpoint returns 5xx",
                "id": "4b565ac5e80a340a07119895dabae4b1",
                "passes": 10654,
                "fails": 0
            },
            "POST 200": {
                "name": "POST 200",
                "path": "::POST 200",
                "id": "d3a9382a11b43b7d4d766cf3d93cf984",
                "passes": 32783,
                "fails": 0
            }
        },
        "name": "",
        "path": "",
        "id": "d41d8cd98f00b204e9800998ecf8427e",
        "groups": {}
    }
}