{
    "metrics": {
        "http_req_connecting": {
            "avg": 0.004927375416666665,
            "min": 0,
            "med": 0,
            "max": 9.791438,
            "p(90)": 0,
            "p(95)": 0
        },
        "http_req_duration{expected_response:true}": {
            "p(90)": 1.6635042000000004,
            "p(95)": 1.977455500000001,
            "avg": 1.0646413147916631,
            "min": 0.440503,
            "med": 0.8638555,
            "max": 19.362713
        },
        "http_req_failed": {
            "passes": 0,
            "fails": 4800,
            "thresholds": {
                "rate<0.001": false
            },
            "value": 0
        },
        "http_req_sending": {
            "p(90)": 0.018306700000000002,
            "p(95)": 0.020736150000000005,
            "avg": 0.016386457291666674,
            "min": 0.011116,
            "med": 0.014577,
            "max": 1.995752
        },
        "http_req_receiving": {
            "avg": 0.13313344062500004,
            "min": 0.033887,
            "med": 0.123281,
            "max": 0.648626,
            "p(90)": 0.23146200000000008,
            "p(95)": 0.27485345
        },
        "data_received": {
            "count": 816000,
            "rate": 3399.9749762550077
        },
        "http_req_waiting": {
            "p(95)": 1.7057972000000001,
            "avg": 0.9151214168750007,
            "min": 0.379165,
            "med": 0.7392485,
            "max": 19.140247,
            "p(90)": 1.4291991
        },
        "iterations": {
            "count": 4800,
            "rate": 19.999852801500044
        },
        "http_reqs": {
            "count": 4800,
            "rate": 19.999852801500044
        },
        "vus": {
            "value": 0,
            "min": 0,
            "max": 0
        },
        "http_req_tls_handshaking": {
            "avg": 0,
            "min": 0,
            "med": 0,
            "max": 0,
            "p(90)": 0,
            "p(95)": 0
        },
        "iteration_duration": {
            "max": 19.491202,
            "p(90)": 1.8159631,
            "p(95)": 2.1404431500000007,
            "avg": 1.2099253612500052,
            "min": 0.593595,
            "med": 1.00003
        },
        "http_req_blocked": {
            "avg": 0.012034398958333359,
            "min": 0.004225,
            "med": 0.005217,
            "max": 9.841498,
            "p(90)": 0.007102700000000003,
            "p(95)": 0.012965300000000003
        },
        "http_req_duration": {
            "avg": 1.0646413147916631,
            "min": 0.440503,
            "med": 0.8638555,
            "max": 19.362713,
            "p(90)": 1.6635042000000004,
            "p(95)": 1.977455500000001
        },
        "dropped_iterations": {
            "count": 0,
            "rate": 0,
            "thresholds": {
                "count==0": false
            }
        },
        "checks": {
            "passes": 4800,
            "fails": 0,
            "value": 1
        },
        "data_sent": {
            "count": 436800,
            "rate": 1819.9866049365041
        },
        "vus_max": {
            "max": 100,
            "value": 100,
            "min": 100
        }
    },
    "root_group": {
        "groups": {},
        "checks": {
                "status 200": {
                    "name": "status 200",
                    "path": "::status 200",
                    "id": "fad9fa412b86fcb03bee97c80dcd61f1",
                    "passes": 4800,
                    "fails": 0
                }
            },
        "name": "",
        "path": "",
        "id": "d41d8cd98f00b204e9800998ecf8427e"
    }
}