{
    "root_group": {
        "name": "",
        "path": "",
        "id": "d41d8cd98f00b204e9800998ecf8427e",
        "groups": {},
        "checks": {
                "POST 200": {
                    "id": "d3a9382a11b43b7d4d766cf3d93cf984",
                    "passes": 32064,
                    "fails": 0,
                    "name": "POST 200",
                    "path": "::POST 200"
                },
                "GET 200": {
                    "path": "::GET 200",
                    "id": "835c47aa361246554e0c8a59faa18f11",
                    "passes": 172894,
                    "fails": 0,
                    "name": "GET 200"
                },
                "error endpoint returns 5xx": {
                    "path": "::error endpoint returns 5xx",
                    "id": "4b565ac5e80a340a07119895dabae4b1",
                    "passes": 10839,
                    "fails": 0,
                    "name": "error endpoint returns 5xx"
                }
            }
    },
    "metrics": {
        "vus_max": {
            "value": 151,
            "min": 150,
            "max": 151
        },
        "http_req_connecting": {
            "avg": 0.005202891319156437,
            "min": 0,
            "med": 0,
            "p(90)": 0,
            "p(95)": 0.06630099999999992,
            "p(99)": 0.11049704,
            "p(99.9)": 0.14108191600000078,
            "max": 9.636811
        },
        "checks": {
            "fails": 0,
            "passes": 215797,
            "value": 1
        },
        "http_reqs": {
            "count": 215797,
            "rate": 299.71704523478877
        },
        "dropped_iterations": {
            "rate": 0.28472126245096874,
            "count": 205,
            "thresholds": {
                "count<1": true
            }
        },
        "http_req_duration{expected_response:true}": {
            "med": 0.3421975,
            "p(90)": 0.5074678000000001,
            "p(95)": 0.546868,
            "p(99)": 0.6778820899999995,
            "p(99.9)": 3.0893773380001224,
            "max": 281.272067,
            "avg": 0.3856362256559826,
            "min": 0.170214
        },
        "vus": {
            "min": 0,
            "max": 75,
            "value": 0
        },
        "http_req_blocked": {
            "avg": 0.013248653058197902,
            "min": 0.001801,
            "med": 0.004094,
            "p(90)": 0.006149,
            "p(95)": 0.1141217999999987,
            "p(99)": 0.16812852000000011,
            "p(99.9)": 0.4174847480000226,
            "max": 10.28484
        },
        "http_req_failed{expected_response:true}": {
            "passes": 0,
            "fails": 204958,
            "thresholds": {
                "rate<0.01": false
            },
            "value": 0
        },
        "http_req_waiting": {
            "p(90)": 0.4755385999999999,
            "p(95)": 0.7016302,
            "p(99)": 0.9335043200000005,
            "p(99.9)": 2.8358824240003595,
            "max": 248.531026,
            "avg": 0.35631429378073054,
            "min": 0.119166,
            "med": 0.305196
        },
        "http_req_tls_handshaking": {
            "max": 0,
            "avg": 0,
            "min": 0,
            "med": 0,
            "p(90)": 0,
            "p(95)": 0,
            "p(99)": 0,
            "p(99.9)": 0
        },
        "iterations": {
            "count": 215797,
            "rate": 299.71704523478877
        },
        "data_received": {
            "count": 54291092,
            "rate": 75404.04026381312
        },
        "iteration_duration": {
            "p(95)": 0.9328049999999997,
            "p(99)": 1.2957022000000027,
            "p(99.9)": 4.513417612000115,
            "max": 926.567143,
            "avg": 0.6598659131637467,
            "min": 0.254489,
            "med": 0.500323,
            "p(90)": 0.7885395999999999
        },
        "data_sent": {
            "count": 22709037,
            "rate": 31540.22284724761
        },
        "http_req_failed": {
            "passes": 10839,
            "fails": 204958,
            "value": 0.05022776034884637
        },
        "http_req_duration": {
            "min": 0.170214,
            "med": 0.352303,
            "p(90)": 0.543053,
            "p(95)": 0.7779019999999999,
            "p(99)": 1.0320887200000006,
            "p(99.9)": 3.3232552560001585,
            "max": 281.272067,
            "avg": 0.41174299466164094
        },
        "http_req_sending": {
            "p(99.9)": 0.3139549280000643,
            "max": 75.676909,
            "avg": 0.018056359421122967,
            "min": 0.004473,
            "med": 0.012978,
            "p(90)": 0.019203,
            "p(95)": 0.0272,
            "p(99)": 0.05180924000000025
        },
        "http_req_receiving": {
            "p(90)": 0.048727,
            "p(95)": 0.06301519999999998,
            "p(99)": 0.10873572000000015,
            "p(99.9)": 0.3104210160000082,
            "max": 29.968623,
            "avg": 0.03737234145979887,
            "min": 0.01004,
            "med": 0.032003
        }
    }
}