{
    "root_group": {
        "name": "",
        "path": "",
        "id": "d41d8cd98f00b204e9800998ecf8427e",
        "groups": {},
        "checks": {
                "status 200": {
                    "name": "status 200",
                    "path": "::status 200",
                    "id": "fad9fa412b86fcb03bee97c80dcd61f1",
                    "passes": 4802,
                    "fails": 0
                }
            }
    },
    "metrics": {
        "data_sent": {
            "count": 436982,
            "rate": 1820.745895120171
        },
        "vus": {
            "max": 0,
            "value": 0,
            "min": 0
        },
        "iteration_duration": {
            "avg": 0.9956278246563952,
            "min": 0.569234,
            "med": 0.842668,
            "max": 8.289304,
            "p(90)": 1.4599492,
            "p(95)": 1.72585615
        },
        "dropped_iterations": {
            "count": 0,
            "rate": 0,
            "thresholds": {
                "count==0": false
            }
        },
        "http_req_tls_handshaking": {
            "avg": 0,
            "min": 0,
            "med": 0,
            "max": 0,
            "p(90)": 0,
            "p(95)": 0
        },
        "http_req_receiving": {
            "avg": 0.12123504852144902,
            "min": 0.031306,
            "med": 0.1086085,
            "max": 0.801222,
            "p(90)": 0.209001,
            "p(95)": 0.25696574999999994
        },
        "iterations": {
            "count": 4802,
            "rate": 20.00819664967221
        },
        "http_req_blocked": {
            "avg": 0.011136413369429402,
            "min": 0.004114,
            "med": 0.005247,
            "max": 6.999637,
            "p(90)": 0.007328800000000001,
            "p(95)": 0.013595899999999996
        },
        "checks": {
            "fails": 0,
            "passes": 4802,
            "value": 1
        },
        "http_req_sending": {
            "max": 0.068409,
            "p(90)": 0.018241400000000005,
            "p(95)": 0.021240499999999992,
            "avg": 0.015663711578508946,
            "min": 0.011122,
            "med": 0.014408
        },
        "http_req_waiting": {
            "p(95)": 1.3068968999999997,
            "avg": 0.714671423990006,
            "min": 0.389252,
            "med": 0.5892189999999999,
            "max": 5.863884,
            "p(90)": 1.0972124000000003
        },
        "data_received": {
            "count": 816340,
            "rate": 3401.3934304442755
        },
        "http_req_duration": {
            "avg": 0.8515701840899633,
            "min": 0.463679,
            "med": 0.7003105000000001,
            "max": 6.453514,
            "p(90)": 1.3102334000000004,
            "p(95)": 1.5675289999999993
        },
        "http_req_duration{expected_response:true}": {
            "avg": 0.8515701840899633,
            "min": 0.463679,
            "med": 0.7003105000000001,
            "max": 6.453514,
            "p(90)": 1.3102334000000004,
            "p(95)": 1.5675289999999993
        },
        "http_req_failed": {
            "fails": 4802,
            "passes": 0,
            "thresholds": {
                "rate<0.001": false
            },
            "value": 0
        },
        "http_req_connecting": {
            "med": 0,
            "max": 6.949161,
            "p(90)": 0,
            "p(95)": 0,
            "avg": 0.004289718034152435,
            "min": 0
        },
        "http_reqs": {
            "count": 4802,
            "rate": 20.00819664967221
        },
        "vus_max": {
            "value": 100,
            "min": 100,
            "max": 100
        }
    }
}