{
    "root_group": {
        "name": "",
        "path": "",
        "id": "d41d8cd98f00b204e9800998ecf8427e",
        "groups": {},
        "checks": {
                "GET 200": {
                    "path": "::GET 200",
                    "id": "835c47aa361246554e0c8a59faa18f11",
                    "passes": 173206,
                    "fails": 0,
                    "name": "GET 200"
                },
                "POST 200": {
                    "id": "d3a9382a11b43b7d4d766cf3d93cf984",
                    "passes": 32255,
                    "fails": 0,
                    "name": "POST 200",
                    "path": "::POST 200"
                },
                "error endpoint returns 5xx": {
                    "name": "error endpoint returns 5xx",
                    "path": "::error endpoint returns 5xx",
                    "id": "4b565ac5e80a340a07119895dabae4b1",
                    "passes": 10541,
                    "fails": 0
                }
            }
    },
    "metrics": {
        "iterations": {
            "count": 216002,
            "rate": 300.001811800694
        },
        "data_received": {
            "rate": 75430.31823271514,
            "count": 54310004
        },
        "checks": {
            "passes": 216002,
            "fails": 0,
            "value": 1
        },
        "dropped_iterations": {
            "count": 0,
            "rate": 0,
            "thresholds": {
                "count<1": false
            }
        },
        "http_req_receiving": {
            "med": 0.033578,
            "p(90)": 0.0498939,
            "p(95)": 0.06400294999999999,
            "p(99)": 0.12371062999999966,
            "p(99.9)": 0.446656627000004,
            "max": 88.367252,
            "avg": 0.04728003044416141,
            "min": 0.011237
        },
        "data_sent": {
            "count": 22748791,
            "rate": 31595.4413212624
        },
        "http_req_failed": {
            "passes": 10541,
            "fails": 205461,
            "value": 0.04880047406968454
        },
        "http_reqs": {
            "count": 216002,
            "rate": 300.001811800694
        },
        "http_req_failed{expected_response:true}": {
            "fails": 205461,
            "passes": 0,
            "thresholds": {
                "rate<0.01": false
            },
            "value": 0
        },
        "http_req_waiting": {
            "med": 0.360577,
            "p(90)": 0.5494288999999999,
            "p(95)": 0.7862343999999998,
            "p(99)": 1.4721050999999887,
            "p(99.9)": 43.51575532900258,
            "max": 415.680858,
            "avg": 0.5498890599392742,
            "min": 0.207321
        },
        "http_req_blocked": {
            "avg": 0.011169417912797,
            "min": 0.001836,
            "med": 0.003992,
            "p(90)": 0.005346,
            "p(95)": 0.034951699999999544,
            "p(99)": 0.16264490999999992,
            "p(99.9)": 0.19158398700000015,
            "max": 13.729365
        },
        "iteration_duration": {
            "avg": 0.7332516176192898,
            "min": 0.325404,
            "med": 0.5243180000000001,
            "p(90)": 0.8056226999999999,
            "p(95)": 0.9887361999999997,
            "p(99)": 1.7801866499999968,
            "p(99.9)": 45.90997815000025,
            "max": 416.27384
        },
        "http_req_tls_handshaking": {
            "p(90)": 0,
            "p(95)": 0,
            "p(99)": 0,
            "p(99.9)": 0,
            "max": 0,
            "avg": 0,
            "min": 0,
            "med": 0
        },
        "vus_max": {
            "value": 150,
            "min": 150,
            "max": 150
        },
        "http_req_duration{expected_response:true}": {
            "p(99)": 1.446992399999996,
            "p(99.9)": 45.67371802000145,
            "max": 416.124231,
            "avg": 0.5804607747163725,
            "min": 0.250883,
            "med": 0.396285,
            "p(90)": 0.581625,
            "p(95)": 0.623115
        },
        "http_req_connecting": {
            "med": 0,
            "p(90)": 0,
            "p(95)": 0,
            "p(99)": 0.11163497999999998,
            "p(99.9)": 0.13949197800000024,
            "max": 13.694792,
            "avg": 0.004995960852214336,
            "min": 0
        },
        "http_req_duration": {
            "avg": 0.6111782894556641,
            "min": 0.250883,
            "med": 0.406852,
            "p(90)": 0.614493,
            "p(95)": 0.8614018499999996,
            "p(99)": 1.6223363499999883,
            "p(99.9)": 45.76851821100014,
            "max": 416.124231
        },
        "vus": {
            "value": 0,
            "min": 0,
            "max": 8
        },
        "http_req_sending": {
            "p(90)": 0.018834,
            "p(95)": 0.023187,
            "p(99)": 0.03968594999999995,
            "p(99.9)": 0.057410891000001164,
            "max": 0.547217,
            "avg": 0.014009199072230914,
            "min": 0.005233,
            "med": 0.0130885
        }
    }
}