{
    "root_group": {
        "name": "",
        "path": "",
        "id": "d41d8cd98f00b204e9800998ecf8427e",
        "groups": {},
        "checks": {
                "GET 200": {
                    "passes": 100817,
                    "fails": 0,
                    "name": "GET 200",
                    "path": "::GET 200",
                    "id": "835c47aa361246554e0c8a59faa18f11"
                },
                "POST 200": {
                    "name": "POST 200",
                    "path": "::POST 200",
                    "id": "d3a9382a11b43b7d4d766cf3d93cf984",
                    "passes": 18868,
                    "fails": 0
                },
                "error endpoint returns 5xx": {
                    "name": "error endpoint returns 5xx",
                    "path": "::error endpoint returns 5xx",
                    "id": "4b565ac5e80a340a07119895dabae4b1",
                    "passes": 6317,
                    "fails": 0
                }
            }
    },
    "metrics": {
        "http_req_waiting": {
            "p(99.9)": 51.68573036600075,
            "max": 352.7809,
            "avg": 0.6278713122410681,
            "min": 0.141894,
            "med": 0.383228,
            "p(90)": 0.6420436000000002,
            "p(95)": 0.8994222499999999,
            "p(99)": 2.622456660000015
        },
        "http_req_receiving": {
            "p(99.9)": 3.337947611000058,
            "max": 92.901696,
            "avg": 0.05827072253615027,
            "min": 0.010347,
            "med": 0.035198,
            "p(90)": 0.05867960000000004,
            "p(95)": 0.07707585,
            "p(99)": 0.2025442300000004
        },
        "data_sent": {
            "count": 13272939,
            "rate": 31602.110706794552
        },
        "checks": {
            "passes": 126002,
            "fails": 0,
            "value": 1
        },
        "data_received": {
            "count": 31699017,
            "rate": 75473.55145160861
        },
        "http_req_failed{expected_response:true}": {
            "fails": 119685,
            "passes": 0,
            "thresholds": {
                "rate<0.01": false
            },
            "value": 0
        },
        "http_req_duration{expected_response:true}": {
            "avg": 0.664860956711371,
            "min": 0.17391,
            "med": 0.42038,
            "p(90)": 0.6033324000000001,
            "p(95)": 0.7441163999999991,
            "p(99)": 2.7443708800000004,
            "p(99.9)": 55.94861134800016,
            "max": 187.335024
        },
        "vus": {
            "value": 0,
            "min": 0,
            "max": 13
        },
        "dropped_iterations": {
            "count": 0,
            "rate": 0,
            "thresholds": {
                "count<1": false
            }
        },
        "http_req_tls_handshaking": {
            "p(99)": 0,
            "p(99.9)": 0,
            "max": 0,
            "avg": 0,
            "min": 0,
            "med": 0,
            "p(90)": 0,
            "p(95)": 0
        },
        "http_reqs": {
            "count": 126002,
            "rate": 300.00357518990535
        },
        "http_req_duration": {
            "p(99)": 2.877742880000086,
            "p(99.9)": 56.3100501500008,
            "max": 353.020026,
            "avg": 0.7005664115331569,
            "min": 0.17391,
            "med": 0.43200649999999996,
            "p(90)": 0.7264242000000012,
            "p(95)": 0.9945183499999997
        },
        "http_req_connecting": {
            "p(95)": 0.06909544999999986,
            "p(99)": 0.11145199,
            "p(99.9)": 0.14245193600000067,
            "max": 6.02242,
            "avg": 0.005258217258456211,
            "min": 0,
            "med": 0,
            "p(90)": 0
        },
        "http_req_sending": {
            "min": 0.00516,
            "med": 0.013667,
            "p(90)": 0.018902,
            "p(95)": 0.02446559999999998,
            "p(99)": 0.04151299000000001,
            "p(99.9)": 0.060785946000000576,
            "max": 0.405948,
            "avg": 0.014424376755924836
        },
        "iterations": {
            "count": 126002,
            "rate": 300.00357518990535
        },
        "iteration_duration": {
            "med": 0.5565454999999999,
            "p(90)": 0.8968969000000001,
            "p(95)": 1.15176905,
            "p(99)": 3.04416368000001,
            "p(99.9)": 56.51399504500065,
            "max": 353.430005,
            "avg": 0.8276804931905769,
            "min": 0.263053
        },
        "vus_max": {
            "value": 150,
            "min": 150,
            "max": 150
        },
        "http_req_failed": {
            "fails": 119685,
            "passes": 6317,
            "value": 0.05013412485516103
        },
        "http_req_blocked": {
            "med": 0.004205,
            "p(90)": 0.00538,
            "p(95)": 0.10704444999999979,
            "p(99)": 0.16260299,
            "p(99.9)": 0.20078280700000206,
            "max": 6.065621,
            "avg": 0.01165254494373109,
            "min": 0.001867
        }
    }
}