{
    "root_group": {
        "name": "",
        "path": "",
        "id": "d41d8cd98f00b204e9800998ecf8427e",
        "groups": {},
        "checks": {
                "GET 200": {
                    "id": "835c47aa361246554e0c8a59faa18f11",
                    "passes": 172765,
                    "fails": 0,
                    "name": "GET 200",
                    "path": "::GET 200"
                },
                "POST 200": {
                    "passes": 32301,
                    "fails": 0,
                    "name": "POST 200",
                    "path": "::POST 200",
                    "id": "d3a9382a11b43b7d4d766cf3d93cf984"
                },
                "error endpoint returns 5xx": {
                    "name": "error endpoint returns 5xx",
                    "path": "::error endpoint returns 5xx",
                    "id": "4b565ac5e80a340a07119895dabae4b1",
                    "passes": 10936,
                    "fails": 0
                }
            }
    },
    "metrics": {
        "http_req_duration": {
            "p(90)": 0.5567259999999998,
            "p(95)": 0.8275630999999997,
            "p(99)": 1.4463795299999977,
            "p(99.9)": 13.483189685000378,
            "max": 157.436203,
            "avg": 0.44289008325386675,
            "min": 0.171561,
            "med": 0.3434775
        },
        "vus_max": {
            "min": 150,
            "max": 150,
            "value": 150
        },
        "checks": {
            "fails": 0,
            "passes": 216002,
            "value": 1
        },
        "http_req_blocked": {
            "avg": 0.011152316872065856,
            "min": 0.001744,
            "med": 0.003735,
            "p(90)": 0.005284,
            "p(95)": 0.10496084999999995,
            "p(99)": 0.16100498,
            "p(99.9)": 0.18691957500000456,
            "max": 10.172393
        },
        "http_req_receiving": {
            "max": 45.82267,
            "avg": 0.04177605431894182,
            "min": 0.010878,
            "med": 0.032722,
            "p(90)": 0.05014,
            "p(95)": 0.06818094999999999,
            "p(99)": 0.11936696999999998,
            "p(99.9)": 0.4116123820000066
        },
        "iterations": {
            "count": 216002,
            "rate": 300.0019654995394
        },
        "http_req_duration{expected_response:true}": {
            "med": 0.3344475,
            "p(90)": 0.488545,
            "p(95)": 0.559485,
            "p(99)": 1.2756261000000026,
            "p(99.9)": 12.75209753500214,
            "max": 131.955709,
            "avg": 0.4099999178947295,
            "min": 0.171561
        },
        "http_req_sending": {
            "med": 0.012858,
            "p(90)": 0.018424,
            "p(95)": 0.023223799999999933,
            "p(99)": 0.038822939999999945,
            "p(99.9)": 0.05682277300000243,
            "max": 0.484557,
            "avg": 0.013729008166590858,
            "min": 0.005143
        },
        "http_req_failed{expected_response:true}": {
            "fails": 205066,
            "passes": 0,
            "thresholds": {
                "rate<0.01": false
            },
            "value": 0
        },
        "http_reqs": {
            "count": 216002,
            "rate": 300.0019654995394
        },
        "vus": {
            "value": 0,
            "min": 0,
            "max": 4
        },
        "data_sent": {
            "count": 22750201,
            "rate": 31597.415836471817
        },
        "http_req_tls_handshaking": {
            "min": 0,
            "med": 0,
            "p(90)": 0,
            "p(95)": 0,
            "p(99)": 0,
            "p(99.9)": 0,
            "max": 0,
            "avg": 0
        },
        "data_received": {
            "count": 54352323,
            "rate": 75489.13310740558
        },
        "http_req_failed": {
            "fails": 205066,
            "passes": 10936,
            "value": 0.050629160841103325
        },
        "http_req_waiting": {
            "p(99)": 1.301281969999999,
            "p(99.9)": 11.428399834001457,
            "max": 157.195058,
            "avg": 0.3873850207683325,
            "min": 0.135142,
            "med": 0.299841,
            "p(90)": 0.49488799999999994,
            "p(95)": 0.7444086999999999
        },
        "iteration_duration": {
            "p(99.9)": 13.62067548500007,
            "max": 157.564314,
            "avg": 0.5624720511013894,
            "min": 0.25471,
            "med": 0.449853,
            "p(90)": 0.7345392999999999,
            "p(95)": 0.9506111999999998,
            "p(99)": 1.5997893199999984
        },
        "dropped_iterations": {
            "count": 0,
            "rate": 0,
            "thresholds": {
                "count<1": false
            }
        },
        "http_req_connecting": {
            "avg": 0.005054058619827591,
            "min": 0,
            "med": 0,
            "p(90)": 0,
            "p(95)": 0.06819454999999985,
            "p(99)": 0.110686,
            "p(99.9)": 0.1357878220000019,
            "max": 10.103835
        }
    }
}