{
    "metrics": {
        "vus": {
            "max": 5,
            "value": 0,
            "min": 0
        },
        "http_req_duration": {
            "avg": 0.4703746467717867,
            "min": 0.180348,
            "med": 0.3753125,
            "p(90)": 0.5921656999999999,
            "p(95)": 0.883342,
            "p(99)": 1.3943660699999927,
            "p(99.9)": 8.263627595000047,
            "max": 228.049087
        },
        "http_reqs": {
            "count": 216002,
            "rate": 300.00163528321684
        },
        "http_req_tls_handshaking": {
            "p(99)": 0,
            "p(99.9)": 0,
            "max": 0,
            "avg": 0,
            "min": 0,
            "med": 0,
            "p(90)": 0,
            "p(95)": 0
        },
        "checks": {
            "passes": 216002,
            "fails": 0,
            "value": 1
        },
        "http_req_connecting": {
            "min": 0,
            "med": 0,
            "p(90)": 0,
            "p(95)": 0,
            "p(99)": 0.11186995999999996,
            "p(99.9)": 0.13680488400000126,
            "max": 9.654158,
            "avg": 0.0050077648725474575
        },
        "http_req_receiving": {
            "p(99.9)": 0.3369287420000135,
            "max": 17.949725,
            "avg": 0.039833423209043525,
            "min": 0.00973,
            "med": 0.034149,
            "p(90)": 0.05198,
            "p(95)": 0.07264894999999999,
            "p(99)": 0.12827986999999896
        },
        "iteration_duration": {
            "p(95)": 1.0032590499999998,
            "p(99)": 1.5540664199999996,
            "p(99.9)": 8.500638795000441,
            "max": 228.446277,
            "avg": 0.5944412010351838,
            "min": 0.261177,
            "med": 0.494749,
            "p(90)": 0.7730194
        },
        "iterations": {
            "count": 216002,
            "rate": 300.00163528321684
        },
        "data_sent": {
            "rate": 31617.657368428878,
            "count": 22764800
        },
        "http_req_failed{expected_response:true}": {
            "fails": 205405,
            "passes": 0,
            "thresholds": {
                "rate<0.01": false
            },
            "value": 0
        },
        "data_received": {
            "count": 54316039,
            "rate": 75438.65576294193
        },
        "http_req_failed": {
            "passes": 10597,
            "fails": 205405,
            "value": 0.04905973092841733
        },
        "http_req_blocked": {
            "p(99)": 0.16310797999999999,
            "p(99.9)": 0.18692496300000042,
            "max": 9.692061,
            "avg": 0.011230392528772629,
            "min": 0.00178,
            "med": 0.003997,
            "p(90)": 0.005297,
            "p(95)": 0.08672459999995935
        },
        "http_req_waiting": {
            "p(95)": 0.8001485999999999,
            "p(99)": 1.2677186399999998,
            "p(99.9)": 7.453074373001688,
            "max": 227.825428,
            "avg": 0.41639650974527204,
            "min": 0.147536,
            "med": 0.3284555,
            "p(90)": 0.5255714
        },
        "http_req_sending": {
            "avg": 0.014144713817464257,
            "min": 0.005071,
            "med": 0.013417,
            "p(90)": 0.018750899999999994,
            "p(95)": 0.023460899999999965,
            "p(99)": 0.041159979999999985,
            "p(99.9)": 0.059345973000000295,
            "max": 0.560787
        },
        "vus_max": {
            "value": 150,
            "min": 150,
            "max": 150
        },
        "dropped_iterations": {
            "count": 0,
            "rate": 0,
            "thresholds": {
                "count<1": false
            }
        },
        "http_req_duration{expected_response:true}": {
            "p(90)": 0.5300386,
            "p(95)": 0.6000461999999994,
            "p(99)": 1.1909448399999993,
            "p(99.9)": 7.47602338800098,
            "max": 192.921241,
            "avg": 0.4382550044302683,
            "min": 0.180348,
            "med": 0.366091
        }
    },
    "root_group": {
        "name": "",
        "path": "",
        "id": "d41d8cd98f00b204e9800998ecf8427e",
        "groups": {},
        "checks": {
                "GET 200": {
                    "passes": 172983,
                    "fails": 0,
                    "name": "GET 200",
                    "path": "::GET 200",
                    "id": "835c47aa361246554e0c8a59faa18f11"
                },
                "POST 200": {
                    "path": "::POST 200",
                    "id": "d3a9382a11b43b7d4d766cf3d93cf984",
                    "passes": 32422,
                    "fails": 0,
                    "name": "POST 200"
                },
                "error endpoint returns 5xx": {
                    "name": "error endpoint returns 5xx",
                    "path": "::error endpoint returns 5xx",
                    "id": "4b565ac5e80a340a07119895dabae4b1",
                    "passes": 10597,
                    "fails": 0
                }
            }
    }
}