{
    "root_group": {
        "checks": {
            "GET 200": {
                "id": "835c47aa361246554e0c8a59faa18f11",
                "passes": 172696,
                "fails": 0,
                "name": "GET 200",
                "path": "::GET 200"
            },
            "POST 200": {
                "name": "POST 200",
                "path": "::POST 200",
                "id": "d3a9382a11b43b7d4d766cf3d93cf984",
                "passes": 32543,
                "fails": 0
            },
            "error endpoint returns 5xx": {
                "passes": 10763,
                "fails": 0,
                "name": "error endpoint returns 5xx",
                "path": "::error endpoint returns 5xx",
                "id": "4b565ac5e80a340a07119895dabae4b1"
            }
        },
        "name": "",
        "path": "",
        "id": "d41d8cd98f00b204e9800998ecf8427e",
        "groups": {}
    },
    "metrics": {
        "checks": {
            "passes": 216002,
            "fails": 0,
            "value": 1
        },
        "http_req_duration{expected_response:true}": {
            "min": 0.145336,
            "med": 0.287911,
            "p(90)": 0.4463852,
            "p(95)": 0.4878901,
            "p(99)": 1.0200604399999993,
            "p(99.9)": 5.074686218000575,
            "max": 58.528035,
            "avg": 0.34981174928254527
        },
        "http_req_connecting": {
            "med": 0,
            "p(90)": 0,
            "p(95)": 0.06610379999999992,
            "p(99)": 0.11020298999999999,
            "p(99.9)": 0.15420196100000041,
            "max": 16.65368,
            "avg": 0.005324818770196542,
            "min": 0
        },
        "data_received": {
            "count": 53838112,
            "rate": 74774.63107383077
        },
        "http_req_duration": {
            "p(99.9)": 5.407241975000107,
            "max": 112.457125,
            "avg": 0.3769762347570889,
            "min": 0.145336,
            "med": 0.29510099999999995,
            "p(90)": 0.4822316,
            "p(95)": 0.7427759999999997,
            "p(99)": 1.1809586499999987
        },
        "iteration_duration": {
            "p(99)": 1.5956330399999952,
            "p(99.9)": 6.301812354000306,
            "max": 112.861729,
            "avg": 0.5433691941556051,
            "min": 0.230429,
            "med": 0.447073,
            "p(90)": 0.7732669999999999,
            "p(95)": 0.9504202999999997
        },
        "http_req_blocked": {
            "med": 0.003818,
            "p(90)": 0.006048,
            "p(95)": 0.1150095499999995,
            "p(99)": 0.16904795999999997,
            "p(99.9)": 0.449910012000032,
            "max": 16.693972,
            "avg": 0.013373850056944012,
            "min": 0.001899
        },
        "http_req_receiving": {
            "med": 0.030414,
            "p(90)": 0.050966799999999986,
            "p(95)": 0.069945,
            "p(99)": 0.1632507899999998,
            "p(99.9)": 0.423893847000023,
            "max": 20.620321,
            "avg": 0.038230480842769844,
            "min": 0.009184
        },
        "data_sent": {
            "count": 22775224,
            "rate": 31632.033683199294
        },
        "http_req_tls_handshaking": {
            "avg": 0,
            "min": 0,
            "med": 0,
            "p(90)": 0,
            "p(95)": 0,
            "p(99)": 0,
            "p(99.9)": 0,
            "max": 0
        },
        "iterations": {
            "rate": 300.00067352305354,
            "count": 216002
        },
        "http_req_sending": {
            "p(99)": 0.059131719999999735,
            "p(99.9)": 0.33675400500003205,
            "max": 43.703755,
            "avg": 0.016767181007583346,
            "min": 0.005191,
            "med": 0.012694,
            "p(90)": 0.019316,
            "p(95)": 0.027518899999999964
        },
        "vus": {
            "value": 0,
            "min": 0,
            "max": 5
        },
        "dropped_iterations": {
            "count": 0,
            "rate": 0,
            "thresholds": {
                "count<1": false
            }
        },
        "http_req_waiting": {
            "p(99)": 1.0461273199999965,
            "p(99.9)": 4.669093514000037,
            "max": 112.216077,
            "avg": 0.3219785729067338,
            "min": 0.11335,
            "med": 0.2493035,
            "p(90)": 0.4103259,
            "p(95)": 0.6517462999999997
        },
        "http_req_failed": {
            "passes": 10763,
            "fails": 205239,
            "value": 0.049828242331089526
        },
        "vus_max": {
            "min": 300,
            "max": 300,
            "value": 300
        },
        "http_reqs": {
            "count": 216002,
            "rate": 300.00067352305354
        },
        "http_req_failed{expected_response:true}": {
            "passes": 0,
            "fails": 205239,
            "thresholds": {
                "rate<0.01": false
            },
            "value": 0
        }
    }
}