{
    "root_group": {
        "name": "",
        "path": "",
        "id": "d41d8cd98f00b204e9800998ecf8427e",
        "groups": {},
        "checks": {
                "GET 200": {
                    "id": "835c47aa361246554e0c8a59faa18f11",
                    "passes": 172804,
                    "fails": 0,
                    "name": "GET 200",
                    "path": "::GET 200"
                },
                "POST 200": {
                    "id": "d3a9382a11b43b7d4d766cf3d93cf984",
                    "passes": 32485,
                    "fails": 0,
                    "name": "POST 200",
                    "path": "::POST 200"
                },
                "error endpoint returns 5xx": {
                    "name": "error endpoint returns 5xx",
                    "path": "::error endpoint returns 5xx",
                    "id": "4b565ac5e80a340a07119895dabae4b1",
                    "passes": 10713,
                    "fails": 0
                }
            }
    },
    "metrics": {
        "http_req_duration": {
            "max": 146.995282,
            "avg": 0.45920584543199056,
            "min": 0.163065,
            "med": 0.3632655,
            "p(90)": 0.6004011999999999,
            "p(95)": 0.8919204499999994,
            "p(99)": 1.5136047099999999,
            "p(99.9)": 9.079384718000464
        },
        "data_received": {
            "count": 54328006,
            "rate": 75455.44049262468
        },
        "http_req_failed{expected_response:true}": {
            "passes": 0,
            "fails": 205289,
            "thresholds": {
                "rate<0.01": false
            },
            "value": 0
        },
        "http_req_receiving": {
            "p(95)": 0.074534,
            "p(99)": 0.17074131999999936,
            "p(99.9)": 0.41893862600000403,
            "max": 26.441336,
            "avg": 0.04106568364181782,
            "min": 0.01017,
            "med": 0.033198,
            "p(90)": 0.0549859
        },
        "vus": {
            "max": 3,
            "value": 0,
            "min": 0
        },
        "iterations": {
            "count": 216002,
            "rate": 300.00228716820413
        },
        "http_req_duration{expected_response:true}": {
            "min": 0.163065,
            "med": 0.355261,
            "p(90)": 0.5299352000000003,
            "p(95)": 0.6072844,
            "p(99)": 1.3371412399999942,
            "p(99.9)": 8.475695568000589,
            "max": 136.188328,
            "avg": 0.427219739659703
        },
        "http_req_connecting": {
            "max": 20.582677,
            "avg": 0.005192762539235755,
            "min": 0,
            "med": 0,
            "p(90)": 0,
            "p(95)": 0.06503074999999921,
            "p(99)": 0.11053697999999998,
            "p(99.9)": 0.13848399400000005
        },
        "http_req_failed": {
            "passes": 10713,
            "fails": 205289,
            "value": 0.04959676299293525
        },
        "data_sent": {
            "count": 22769437,
            "rate": 31624.16633888729
        },
        "http_req_sending": {
            "max": 51.989204,
            "avg": 0.01629804486069588,
            "min": 0.004969,
            "med": 0.013114,
            "p(90)": 0.019148899999999993,
            "p(95)": 0.02659,
            "p(99)": 0.04695898999999999,
            "p(99.9)": 0.27881437600000664
        },
        "iteration_duration": {
            "med": 0.512076,
            "p(90)": 0.8365383999999999,
            "p(95)": 1.061676949999999,
            "p(99)": 1.8212210099999973,
            "p(99.9)": 10.005626282000575,
            "max": 147.398094,
            "avg": 0.6184930792538901,
            "min": 0.274623
        },
        "checks": {
            "fails": 0,
            "passes": 216002,
            "value": 1
        },
        "vus_max": {
            "value": 150,
            "min": 150,
            "max": 150
        },
        "dropped_iterations": {
            "rate": 0,
            "count": 0,
            "thresholds": {
                "count<1": false
            }
        },
        "http_req_blocked": {
            "avg": 0.012703612096184298,
            "min": 0.001977,
            "med": 0.004174,
            "p(90)": 0.006061899999999994,
            "p(95)": 0.1087925499999995,
            "p(99)": 0.16615992999999993,
            "p(99.9)": 0.3737532180000083,
            "max": 20.652431
        },
        "http_req_tls_handshaking": {
            "p(99)": 0,
            "p(99.9)": 0,
            "max": 0,
            "avg": 0,
            "min": 0,
            "med": 0,
            "p(90)": 0,
            "p(95)": 0
        },
        "http_reqs": {
            "rate": 300.00228716820413,
            "count": 216002
        },
        "http_req_waiting": {
            "p(90)": 0.528095,
            "p(95)": 0.8036789,
            "p(99)": 1.3599323199999973,
            "p(99.9)": 8.072689669000294,
            "max": 146.720292,
            "avg": 0.4018421169294722,
            "min": 0.122967,
            "med": 0.3173725
        }
    }
}