{
    "root_group": {
        "groups": {},
        "checks": {
                "GET 200": {
                    "id": "835c47aa361246554e0c8a59faa18f11",
                    "passes": 172747,
                    "fails": 0,
                    "name": "GET 200",
                    "path": "::GET 200"
                },
                "error endpoint returns 5xx": {
                    "passes": 10978,
                    "fails": 0,
                    "name": "error endpoint returns 5xx",
                    "path": "::error endpoint returns 5xx",
                    "id": "4b565ac5e80a340a07119895dabae4b1"
                },
                "POST 200": {
                    "name": "POST 200",
                    "path": "::POST 200",
                    "id": "d3a9382a11b43b7d4d766cf3d93cf984",
                    "passes": 32276,
                    "fails": 0
                }
            },
        "name": "",
        "path": "",
        "id": "d41d8cd98f00b204e9800998ecf8427e"
    },
    "metrics": {
        "iterations": {
            "count": 216001,
            "rate": 299.9994461578921
        },
        "http_req_duration{expected_response:true}": {
            "max": 120.686816,
            "avg": 0.35108194466474796,
            "min": 0.148061,
            "med": 0.288222,
            "p(90)": 0.444834,
            "p(95)": 0.4859205,
            "p(99)": 0.9756961399999997,
            "p(99.9)": 4.441569706000395
        },
        "http_req_blocked": {
            "p(90)": 0.006119,
            "p(95)": 0.119203,
            "p(99)": 0.171602,
            "p(99.9)": 0.45682400000000817,
            "max": 10.567001,
            "avg": 0.013366089309771623,
            "min": 0.001921,
            "med": 0.003868
        },
        "http_req_failed{expected_response:true}": {
            "passes": 0,
            "fails": 205023,
            "thresholds": {
                "rate<0.01": false
            },
            "value": 0
        },
        "data_received": {
            "count": 53850662,
            "rate": 74792.10177376885
        },
        "http_req_duration": {
            "p(99)": 1.149471,
            "p(99.9)": 4.690464000000619,
            "max": 120.686816,
            "avg": 0.37870775339929835,
            "min": 0.148061,
            "med": 0.295849,
            "p(90)": 0.482176,
            "p(95)": 0.748876
        },
        "http_req_waiting": {
            "max": 120.262398,
            "avg": 0.3233805780760378,
            "min": 0.110329,
            "med": 0.248457,
            "p(90)": 0.410066,
            "p(95)": 0.656798,
            "p(99)": 1.010906,
            "p(99.9)": 4.147061000000322
        },
        "iteration_duration": {
            "med": 0.451085,
            "p(90)": 0.784558,
            "p(95)": 0.962515,
            "p(99)": 1.598617,
            "p(99.9)": 5.613774000000468,
            "max": 121.02774,
            "avg": 0.5477021049856375,
            "min": 0.220196
        },
        "http_req_connecting": {
            "p(99)": 0.110972,
            "p(99.9)": 0.1559690000000005,
            "max": 10.529997,
            "avg": 0.005270780088981086,
            "min": 0,
            "med": 0,
            "p(90)": 0,
            "p(95)": 0.068443
        },
        "checks": {
            "passes": 216001,
            "fails": 0,
            "value": 1
        },
        "http_req_sending": {
            "p(99)": 0.064036,
            "p(99.9)": 0.34698900000003846,
            "max": 18.30416,
            "avg": 0.01641353529844757,
            "min": 0.005,
            "med": 0.012749,
            "p(90)": 0.019382,
            "p(95)": 0.027949
        },
        "dropped_iterations": {
            "count": 0,
            "rate": 0,
            "thresholds": {
                "count<1": false
            }
        },
        "http_req_tls_handshaking": {
            "p(99)": 0,
            "p(99.9)": 0,
            "max": 0,
            "avg": 0,
            "min": 0,
            "med": 0,
            "p(90)": 0,
            "p(95)": 0
        },
        "vus_max": {
            "value": 300,
            "min": 300,
            "max": 300
        },
        "http_req_receiving": {
            "p(90)": 0.051835,
            "p(95)": 0.070577,
            "p(99)": 0.163653,
            "p(99.9)": 0.395806000000017,
            "max": 18.564995,
            "avg": 0.03891364002481534,
            "min": 0.009419,
            "med": 0.032197
        },
        "data_sent": {
            "count": 22745775,
            "rate": 31591.149589270553
        },
        "vus": {
            "min": 0,
            "max": 1,
            "value": 1
        },
        "http_req_failed": {
            "passes": 10978,
            "fails": 205023,
            "value": 0.05082383877852417
        },
        "http_reqs": {
            "count": 216001,
            "rate": 299.9994461578921
        }
    }
}