{
    "metrics": {
        "http_req_waiting": {
            "min": 0.146309,
            "med": 0.37036,
            "p(90)": 0.61521,
            "p(95)": 0.872203,
            "p(99)": 2.066545,
            "p(99.9)": 37.699795000000634,
            "max": 177.182333,
            "avg": 0.5500313652193228
        },
        "http_reqs": {
            "count": 126001,
            "rate": 300.00167062842536
        },
        "data_received": {
            "count": 31689451,
            "rate": 75450.89516192432
        },
        "iteration_duration": {
            "p(95)": 1.105345,
            "p(99)": 2.442455,
            "p(99.9)": 40.45216300000045,
            "max": 195.92889,
            "avg": 0.7372997892239007,
            "min": 0.273688,
            "med": 0.542578,
            "p(90)": 0.875135
        },
        "http_req_sending": {
            "p(99)": 0.040714,
            "p(99.9)": 0.06018900000000017,
            "max": 0.360967,
            "avg": 0.014159911968952646,
            "min": 0.005183,
            "med": 0.013417,
            "p(90)": 0.018695,
            "p(95)": 0.023731
        },
        "data_sent": {
            "count": 13266215,
            "rate": 31586.151402892643
        },
        "http_req_receiving": {
            "p(99)": 0.185191,
            "p(99.9)": 0.5052710000000612,
            "max": 39.907989,
            "avg": 0.047900112467360936,
            "min": 0.010588,
            "med": 0.036025,
            "p(90)": 0.057687,
            "p(95)": 0.075135
        },
        "http_req_connecting": {
            "avg": 0.005114445202815864,
            "min": 0,
            "med": 0,
            "p(90)": 0,
            "p(95)": 0.067012,
            "p(99)": 0.111435,
            "p(99.9)": 0.13827600000000137,
            "max": 9.40352
        },
        "dropped_iterations": {
            "count": 0,
            "rate": 0,
            "thresholds": {
                "count<1": false
            }
        },
        "vus": {
            "value": 0,
            "min": 0,
            "max": 5
        },
        "http_req_duration": {
            "avg": 0.6120913896556366,
            "min": 0.186954,
            "med": 0.419169,
            "p(90)": 0.696912,
            "p(95)": 0.960675,
            "p(99)": 2.267084,
            "p(99.9)": 40.31666300000045,
            "max": 195.550827
        },
        "checks": {
            "passes": 126001,
            "fails": 0,
            "value": 1
        },
        "http_req_blocked": {
            "p(99)": 0.16226,
            "p(99.9)": 0.18972200000000208,
            "max": 9.43629,
            "avg": 0.011437538106840447,
            "min": 0.001902,
            "med": 0.004137,
            "p(90)": 0.00532,
            "p(95)": 0.103255
        },
        "http_req_failed": {
            "passes": 6228,
            "fails": 119773,
            "value": 0.04942817914143539
        },
        "vus_max": {
            "value": 150,
            "min": 150,
            "max": 150
        },
        "http_req_duration{expected_response:true}": {
            "avg": 0.5781304398153104,
            "min": 0.186954,
            "med": 0.407363,
            "p(90)": 0.5949138,
            "p(95)": 0.7152983999999998,
            "p(99)": 2.0956082799999973,
            "p(99.9)": 39.63860803600096,
            "max": 195.550827
        },
        "http_req_tls_handshaking": {
            "p(99)": 0,
            "p(99.9)": 0,
            "max": 0,
            "avg": 0,
            "min": 0,
            "med": 0,
            "p(90)": 0,
            "p(95)": 0
        },
        "iterations": {
            "count": 126001,
            "rate": 300.00167062842536
        },
        "http_req_failed{expected_response:true}": {
            "fails": 119773,
            "passes": 0,
            "thresholds": {
                "rate<0.01": false
            },
            "value": 0
        }
    },
    "root_group": {
        "path": "",
        "id": "d41d8cd98f00b204e9800998ecf8427e",
        "groups": {},
        "checks": {
                "GET 200": {
                    "name": "GET 200",
                    "path": "::GET 200",
                    "id": "835c47aa361246554e0c8a59faa18f11",
                    "passes": 100995,
                    "fails": 0
                },
                "POST 200": {
                    "path": "::POST 200",
                    "id": "d3a9382a11b43b7d4d766cf3d93cf984",
                    "passes": 18778,
                    "fails": 0,
                    "name": "POST 200"
                },
                "error endpoint returns 5xx": {
                    "id": "4b565ac5e80a340a07119895dabae4b1",
                    "passes": 6228,
                    "fails": 0,
                    "name": "error endpoint returns 5xx",
                    "path": "::error endpoint returns 5xx"
                }
            },
        "name": ""
    }
}