{
    "root_group": {
        "groups": {},
        "checks": {
                "status 200": {
                    "name": "status 200",
                    "path": "::status 200",
                    "id": "fad9fa412b86fcb03bee97c80dcd61f1",
                    "passes": 4802,
                    "fails": 0
                }
            },
        "name": "",
        "path": "",
        "id": "d41d8cd98f00b204e9800998ecf8427e"
    },
    "metrics": {
        "http_req_duration": {
            "p(95)": 1.5195994499999999,
            "avg": 0.8438526734693895,
            "min": 0.45572,
            "med": 0.688178,
            "max": 6.72062,
            "p(90)": 1.288203800000002
        },
        "vus_max": {
            "value": 100,
            "min": 100,
            "max": 100
        },
        "data_received": {
            "count": 816340,
            "rate": 3401.394264999002
        },
        "http_req_receiving": {
            "avg": 0.11958923469387753,
            "min": 0.031924,
            "med": 0.10806550000000001,
            "max": 0.566573,
            "p(90)": 0.2093428,
            "p(95)": 0.24483349999999995
        },
        "http_req_sending": {
            "min": 0.009734,
            "med": 0.0143445,
            "max": 0.534843,
            "p(90)": 0.018025,
            "p(95)": 0.020539449999999997,
            "avg": 0.015671073302790516
        },
        "iteration_duration": {
            "avg": 0.988503248646398,
            "min": 0.572591,
            "med": 0.8276325,
            "max": 11.30514,
            "p(90)": 1.4475172000000003,
            "p(95)": 1.6738568499999995
        },
        "iterations": {
            "count": 4802,
            "rate": 20.00820155881766
        },
        "http_req_duration{expected_response:true}": {
            "max": 6.72062,
            "p(90)": 1.288203800000002,
            "p(95)": 1.5195994499999999,
            "avg": 0.8438526734693895,
            "min": 0.45572,
            "med": 0.688178
        },
        "http_req_tls_handshaking": {
            "avg": 0,
            "min": 0,
            "med": 0,
            "max": 0,
            "p(90)": 0,
            "p(95)": 0
        },
        "dropped_iterations": {
            "count": 0,
            "rate": 0,
            "thresholds": {
                "count==0": false
            }
        },
        "http_reqs": {
            "count": 4802,
            "rate": 20.00820155881766
        },
        "checks": {
            "passes": 4802,
            "fails": 0,
            "value": 1
        },
        "http_req_failed": {
            "passes": 0,
            "fails": 4802,
            "thresholds": {
                "rate<0.001": false
            },
            "value": 0
        },
        "http_req_connecting": {
            "avg": 0.004967127446897126,
            "min": 0,
            "med": 0,
            "max": 9.879436,
            "p(90)": 0,
            "p(95)": 0
        },
        "vus": {
            "value": 0,
            "min": 0,
            "max": 0
        },
        "http_req_waiting": {
            "max": 5.6807,
            "p(90)": 1.0754782,
            "p(95)": 1.2767339499999997,
            "avg": 0.7085923654727196,
            "min": 0.394827,
            "med": 0.5812275
        },
        "http_req_blocked": {
            "avg": 0.011748347980008362,
            "min": 0.004155,
            "med": 0.005181,
            "max": 9.931096,
            "p(90)": 0.007304900000000017,
            "p(95)": 0.0134539
        },
        "data_sent": {
            "count": 436982,
            "rate": 1820.746341852407
        }
    }
}