{
    "root_group": {
        "name": "",
        "path": "",
        "id": "d41d8cd98f00b204e9800998ecf8427e",
        "groups": {},
        "checks": {
                "GET 200": {
                    "path": "::GET 200",
                    "id": "835c47aa361246554e0c8a59faa18f11",
                    "passes": 892902,
                    "fails": 0,
                    "name": "GET 200"
                },
                "POST 200": {
                    "name": "POST 200",
                    "path": "::POST 200",
                    "id": "d3a9382a11b43b7d4d766cf3d93cf984",
                    "passes": 167178,
                    "fails": 0
                },
                "error endpoint returns 5xx": {
                    "name": "error endpoint returns 5xx",
                    "path": "::error endpoint returns 5xx",
                    "id": "4b565ac5e80a340a07119895dabae4b1",
                    "passes": 55922,
                    "fails": 0
                }
            }
    },
    "metrics": {
        "vus": {
            "value": 0,
            "min": 0,
            "max": 2
        },
        "vus_max": {
            "value": 150,
            "min": 150,
            "max": 150
        },
        "http_req_duration": {
            "p(99.9)": 2.915483235000053,
            "max": 240.754621,
            "avg": 0.4104991487685462,
            "min": 0.169756,
            "med": 0.356629,
            "p(90)": 0.542836,
            "p(95)": 0.769259,
            "p(99)": 1.03624494
        },
        "http_req_sending": {
            "p(90)": 0.018545,
            "p(95)": 0.02306,
            "p(99)": 0.03927396999999998,
            "p(99.9)": 0.052448996000000275,
            "max": 4.368123,
            "avg": 0.013712084968485876,
            "min": 0.00512,
            "med": 0.012864
        },
        "http_req_duration{expected_response:true}": {
            "p(99)": 0.6638097299999995,
            "p(99.9)": 2.764357805000197,
            "max": 186.657426,
            "avg": 0.3835646369406078,
            "min": 0.169756,
            "med": 0.3463455,
            "p(90)": 0.5052821999999999,
            "p(95)": 0.5466510499999999
        },
        "http_req_blocked": {
            "p(90)": 0.005347,
            "p(95)": 0.10028449999999953,
            "p(99)": 0.16178398,
            "p(99.9)": 0.17813998900000075,
            "max": 8.391814,
            "avg": 0.010969491984782129,
            "min": 0.001859,
            "med": 0.003871
        },
        "http_req_tls_handshaking": {
            "min": 0,
            "med": 0,
            "p(90)": 0,
            "p(95)": 0,
            "p(99)": 0,
            "p(99.9)": 0,
            "max": 0,
            "avg": 0
        },
        "iterations": {
            "count": 1116002,
            "rate": 300.00042569433043
        },
        "http_reqs": {
            "count": 1116002,
            "rate": 300.00042569433043
        },
        "http_req_failed{expected_response:true}": {
            "passes": 0,
            "fails": 1060080,
            "thresholds": {
                "rate<0.01": false
            },
            "value": 0
        },
        "http_req_connecting": {
            "p(95)": 0.06484774999999977,
            "p(99)": 0.111033,
            "p(99.9)": 0.12306499400000041,
            "max": 8.342386,
            "avg": 0.004805930976826187,
            "min": 0,
            "med": 0,
            "p(90)": 0
        },
        "iteration_duration": {
            "max": 241.171307,
            "avg": 0.5298551323958122,
            "min": 0.249574,
            "med": 0.466228,
            "p(90)": 0.7192369000000001,
            "p(95)": 0.87600395,
            "p(99)": 1.19526499,
            "p(99.9)": 3.070695537000101
        },
        "dropped_iterations": {
            "count": 0,
            "rate": 0,
            "thresholds": {
                "count<1": false
            }
        },
        "data_received": {
            "count": 280753361,
            "rate": 75471.30544131105
        },
        "data_sent": {
            "count": 117570593,
            "rate": 31604.986325414167
        },
        "http_req_failed": {
            "passes": 55922,
            "fails": 1060080,
            "value": 0.05010922919492976
        },
        "http_req_receiving": {
            "p(99.9)": 0.23409899900000006,
            "max": 69.489105,
            "avg": 0.03707722609995249,
            "min": 0.010245,
            "med": 0.033594,
            "p(90)": 0.047288,
            "p(95)": 0.06021989999999991,
            "p(99)": 0.08554199
        },
        "http_req_waiting": {
            "min": 0.13585,
            "med": 0.3125565,
            "p(90)": 0.481873,
            "p(95)": 0.6967436499999997,
            "p(99)": 0.94223998,
            "p(99.9)": 2.746223074000064,
            "max": 240.485305,
            "avg": 0.3597098377001029
        },
        "checks": {
            "passes": 1116002,
            "fails": 0,
            "value": 1
        }
    }
}