{
    "root_group": {
        "name": "",
        "path": "",
        "id": "d41d8cd98f00b204e9800998ecf8427e",
        "groups": {},
        "checks": {
                "GET 200": {
                    "name": "GET 200",
                    "path": "::GET 200",
                    "id": "835c47aa361246554e0c8a59faa18f11",
                    "passes": 172823,
                    "fails": 0
                },
                "error endpoint returns 5xx": {
                    "fails": 0,
                    "name": "error endpoint returns 5xx",
                    "path": "::error endpoint returns 5xx",
                    "id": "4b565ac5e80a340a07119895dabae4b1",
                    "passes": 10886
                },
                "POST 200": {
                    "name": "POST 200",
                    "path": "::POST 200",
                    "id": "d3a9382a11b43b7d4d766cf3d93cf984",
                    "passes": 32293,
                    "fails": 0
                }
            }
    },
    "metrics": {
        "iteration_duration": {
            "p(95)": 0.9653754999999998,
            "p(99)": 1.5176614499999996,
            "p(99.9)": 10.17700978700238,
            "max": 210.278038,
            "avg": 0.5697090740409831,
            "min": 0.260056,
            "med": 0.4630535,
            "p(90)": 0.7468709
        },
        "iterations": {
            "rate": 300.0019643462016,
            "count": 216002
        },
        "http_req_duration": {
            "p(90)": 0.563072,
            "p(95)": 0.8427551499999993,
            "p(99)": 1.361600049999998,
            "p(99.9)": 9.830982857000055,
            "max": 209.819231,
            "avg": 0.4475389803103641,
            "min": 0.173856,
            "med": 0.35213
        },
        "http_req_sending": {
            "avg": 0.01401016460032768,
            "min": 0.004944,
            "med": 0.0132,
            "p(90)": 0.018946,
            "p(95)": 0.023480849999999946,
            "p(99)": 0.04017074999999976,
            "p(99.9)": 0.056933792000002224,
            "max": 0.535219
        },
        "vus_max": {
            "value": 150,
            "min": 150,
            "max": 150
        },
        "http_reqs": {
            "count": 216002,
            "rate": 300.0019643462016
        },
        "data_sent": {
            "count": 22748950,
            "rate": 31595.67821970872
        },
        "http_req_waiting": {
            "p(90)": 0.4995787,
            "p(95)": 0.7587706999999996,
            "p(99)": 1.2296357099999997,
            "p(99.9)": 8.869020502001623,
            "max": 205.05661,
            "avg": 0.3932327472106739,
            "min": 0.134136,
            "med": 0.309294
        },
        "http_req_connecting": {
            "p(99)": 0.11128895999999996,
            "p(99.9)": 0.13387891200000093,
            "max": 13.004842,
            "avg": 0.00509937161692949,
            "min": 0,
            "med": 0,
            "p(90)": 0,
            "p(95)": 0.06698584999999996
        },
        "data_received": {
            "count": 54346282,
            "rate": 75480.74256216432
        },
        "http_req_failed{expected_response:true}": {
            "passes": 0,
            "fails": 205116,
            "thresholds": {
                "rate<0.01": false
            },
            "value": 0
        },
        "http_req_tls_handshaking": {
            "p(99)": 0,
            "p(99.9)": 0,
            "max": 0,
            "avg": 0,
            "min": 0,
            "med": 0,
            "p(90)": 0,
            "p(95)": 0
        },
        "vus": {
            "min": 0,
            "max": 1,
            "value": 0
        },
        "http_req_duration{expected_response:true}": {
            "p(99.9)": 8.954875185000214,
            "max": 209.819231,
            "avg": 0.414740739649756,
            "min": 0.173856,
            "med": 0.3451295,
            "p(90)": 0.50311,
            "p(95)": 0.56667075,
            "p(99)": 1.1727445000000012
        },
        "http_req_failed": {
            "passes": 10886,
            "fails": 205116,
            "value": 0.05039768150294905
        },
        "http_req_receiving": {
            "med": 0.033901,
            "p(90)": 0.051093,
            "p(95)": 0.06936494999999998,
            "p(99)": 0.11229397999999999,
            "p(99.9)": 0.33224199100000007,
            "max": 37.576481,
            "avg": 0.040296068499365845,
            "min": 0.010691
        },
        "dropped_iterations": {
            "rate": 0,
            "count": 0,
            "thresholds": {
                "count<1": false
            }
        },
        "checks": {
            "fails": 0,
            "passes": 216002,
            "value": 1
        },
        "http_req_blocked": {
            "avg": 0.01129557597614828,
            "min": 0.00192,
            "med": 0.003921,
            "p(90)": 0.005305,
            "p(95)": 0.10330339999999943,
            "p(99)": 0.162159,
            "p(99.9)": 0.1861617920000022,
            "max": 13.04906
        }
    }
}