{
    "root_group": {
        "path": "",
        "id": "d41d8cd98f00b204e9800998ecf8427e",
        "groups": {},
        "checks": {
                "status 200": {
                    "path": "::status 200",
                    "id": "fad9fa412b86fcb03bee97c80dcd61f1",
                    "passes": 4800,
                    "fails": 0,
                    "name": "status 200"
                }
            },
        "name": ""
    },
    "metrics": {
        "iteration_duration": {
            "max": 10.372334,
            "p(90)": 1.4640209000000002,
            "p(95)": 1.6865161000000004,
            "avg": 0.9830828527083342,
            "min": 0.586138,
            "med": 0.8169645000000001
        },
        "http_req_waiting": {
            "avg": 0.707895350833335,
            "min": 0.385709,
            "med": 0.577405,
            "max": 10.13931,
            "p(90)": 1.093431,
            "p(95)": 1.2903868000000003
        },
        "http_req_sending": {
            "avg": 0.015783458333333295,
            "min": 0.01084,
            "med": 0.0144045,
            "max": 0.25231,
            "p(90)": 0.0179611,
            "p(95)": 0.020976450000000004
        },
        "iterations": {
            "count": 4800,
            "rate": 19.999908187921474
        },
        "vus": {
            "value": 0,
            "min": 0,
            "max": 0
        },
        "http_req_duration": {
            "avg": 0.8396749577083334,
            "min": 0.469799,
            "med": 0.675486,
            "max": 10.248526,
            "p(90)": 1.3032485000000005,
            "p(95)": 1.5336775500000002
        },
        "http_req_failed": {
            "passes": 0,
            "fails": 4800,
            "thresholds": {
                "rate<0.001": false
            },
            "value": 0
        },
        "http_req_tls_handshaking": {
            "avg": 0,
            "min": 0,
            "med": 0,
            "max": 0,
            "p(90)": 0,
            "p(95)": 0
        },
        "http_reqs": {
            "count": 4800,
            "rate": 19.999908187921474
        },
        "dropped_iterations": {
            "count": 0,
            "rate": 0,
            "thresholds": {
                "count==0": false
            }
        },
        "http_req_blocked": {
            "avg": 0.011127587083333335,
            "min": 0.004146,
            "med": 0.005191,
            "max": 5.857822,
            "p(90)": 0.007083700000000006,
            "p(95)": 0.013580550000000002
        },
        "data_received": {
            "count": 816000,
            "rate": 3399.9843919466507
        },
        "http_req_receiving": {
            "p(95)": 0.24412445000000005,
            "avg": 0.11599614854166722,
            "min": 0.031623,
            "med": 0.102451,
            "max": 0.604481,
            "p(90)": 0.20587980000000003
        },
        "http_req_duration{expected_response:true}": {
            "p(95)": 1.5336775500000002,
            "avg": 0.8396749577083334,
            "min": 0.469799,
            "med": 0.675486,
            "max": 10.248526,
            "p(90)": 1.3032485000000005
        },
        "checks": {
            "fails": 0,
            "passes": 4800,
            "value": 1
        },
        "vus_max": {
            "value": 100,
            "min": 100,
            "max": 100
        },
        "data_sent": {
            "count": 436800,
            "rate": 1819.9916451008542
        },
        "http_req_connecting": {
            "max": 5.7994,
            "p(90)": 0,
            "p(95)": 0,
            "avg": 0.004316974583333334,
            "min": 0,
            "med": 0
        }
    }
}