{
    "root_group": {
        "path": "",
        "id": "d41d8cd98f00b204e9800998ecf8427e",
        "groups": {},
        "checks": {
                "GET 200": {
                    "path": "::GET 200",
                    "id": "835c47aa361246554e0c8a59faa18f11",
                    "passes": 172928,
                    "fails": 0,
                    "name": "GET 200"
                },
                "error endpoint returns 5xx": {
                    "path": "::error endpoint returns 5xx",
                    "id": "4b565ac5e80a340a07119895dabae4b1",
                    "passes": 10613,
                    "fails": 0,
                    "name": "error endpoint returns 5xx"
                },
                "POST 200": {
                    "fails": 0,
                    "name": "POST 200",
                    "path": "::POST 200",
                    "id": "d3a9382a11b43b7d4d766cf3d93cf984",
                    "passes": 32461
                }
            },
        "name": ""
    },
    "metrics": {
        "http_req_failed": {
            "passes": 10613,
            "fails": 205389,
            "value": 0.0491338043166267
        },
        "http_req_blocked": {
            "p(90)": 0.005337,
            "p(95)": 0.09642949999999563,
            "p(99)": 0.16129198999999997,
            "p(99.9)": 0.18992499600000004,
            "max": 11.96242,
            "avg": 0.011140710896195245,
            "min": 0.0019,
            "med": 0.003937
        },
        "http_req_receiving": {
            "p(99)": 0.13025051999999956,
            "p(99.9)": 0.3521555840000152,
            "max": 21.894786,
            "avg": 0.0398134833103396,
            "min": 0.010255,
            "med": 0.0337625,
            "p(90)": 0.0511939,
            "p(95)": 0.07039189999999997
        },
        "http_req_failed{expected_response:true}": {
            "passes": 0,
            "fails": 205389,
            "thresholds": {
                "rate<0.01": false
            },
            "value": 0
        },
        "checks": {
            "passes": 216002,
            "fails": 0,
            "value": 1
        },
        "http_req_connecting": {
            "p(99.9)": 0.13832697000000033,
            "max": 11.914287,
            "avg": 0.004935528768252149,
            "min": 0,
            "med": 0,
            "p(90)": 0,
            "p(95)": 0.06189969999999815,
            "p(99)": 0.11099895999999997
        },
        "http_req_sending": {
            "p(99)": 0.03959492999999993,
            "p(99.9)": 0.05775686800000142,
            "max": 0.41937,
            "avg": 0.013794631591374229,
            "min": 0.005322,
            "med": 0.012963,
            "p(90)": 0.018413,
            "p(95)": 0.023182849999999946
        },
        "http_req_tls_handshaking": {
            "p(99)": 0,
            "p(99.9)": 0,
            "max": 0,
            "avg": 0,
            "min": 0,
            "med": 0,
            "p(90)": 0,
            "p(95)": 0
        },
        "iterations": {
            "count": 216002,
            "rate": 300.00192111687534
        },
        "http_req_waiting": {
            "p(99.9)": 7.103288719000004,
            "max": 237.080701,
            "avg": 0.41165573078952467,
            "min": 0.140065,
            "med": 0.3174045,
            "p(90)": 0.518716,
            "p(95)": 0.788168,
            "p(99)": 1.2558807699999952
        },
        "vus": {
            "max": 1,
            "value": 0,
            "min": 0
        },
        "iteration_duration": {
            "p(90)": 0.764892,
            "p(95)": 0.9931709499999997,
            "p(99)": 1.535476889999998,
            "p(99.9)": 8.287800945000066,
            "max": 238.044317,
            "avg": 0.5874356460264282,
            "min": 0.259925,
            "med": 0.4743015
        },
        "http_reqs": {
            "count": 216002,
            "rate": 300.00192111687534
        },
        "http_req_duration{expected_response:true}": {
            "p(95)": 0.5927895999999996,
            "p(99)": 1.168655919999998,
            "p(99.9)": 7.445853816001481,
            "max": 237.543507,
            "avg": 0.4326761347053505,
            "min": 0.171731,
            "med": 0.353542,
            "p(90)": 0.5223428000000001
        },
        "http_req_duration": {
            "max": 237.543507,
            "avg": 0.4652638456912367,
            "min": 0.171731,
            "med": 0.3615645,
            "p(90)": 0.5845578,
            "p(95)": 0.8707774999999999,
            "p(99)": 1.3801412999999965,
            "p(99.9)": 8.156100525001623
        },
        "data_sent": {
            "count": 22768445,
            "rate": 31622.749978444248
        },
        "data_received": {
            "count": 54318417,
            "rate": 75442.03040725336
        },
        "vus_max": {
            "value": 150,
            "min": 150,
            "max": 150
        },
        "dropped_iterations": {
            "rate": 0,
            "count": 0,
            "thresholds": {
                "count<1": false
            }
        }
    }
}