{
    "metrics": {
        "http_req_sending": {
            "p(95)": 0.02452795,
            "p(99)": 0.04182390000000005,
            "p(99.9)": 0.06095090000000107,
            "max": 3.110332,
            "avg": 0.014675759916509117,
            "min": 0.005129,
            "med": 0.013841,
            "p(90)": 0.019094
        },
        "data_sent": {
            "count": 13276103,
            "rate": 31609.641540647
        },
        "http_req_blocked": {
            "p(99.9)": 0.18799192200000084,
            "max": 10.260651,
            "avg": 0.011563029539213673,
            "min": 0.001975,
            "med": 0.004164,
            "p(90)": 0.005384,
            "p(95)": 0.10527499999999983,
            "p(99)": 0.16272799000000002
        },
        "http_req_connecting": {
            "avg": 0.005196633132807434,
            "min": 0,
            "med": 0,
            "p(90)": 0,
            "p(95)": 0.06857554999999968,
            "p(99)": 0.11161598000000002,
            "p(99.9)": 0.1348938780000013,
            "max": 10.212933
        },
        "http_req_tls_handshaking": {
            "med": 0,
            "p(90)": 0,
            "p(95)": 0,
            "p(99)": 0,
            "p(99.9)": 0,
            "max": 0,
            "avg": 0,
            "min": 0
        },
        "vus_max": {
            "value": 150,
            "min": 150,
            "max": 150
        },
        "http_req_duration": {
            "min": 0.177409,
            "med": 0.4328195,
            "p(90)": 0.7065649000000005,
            "p(95)": 0.9777525499999999,
            "p(99)": 2.363955010000013,
            "p(99.9)": 30.70953907400164,
            "max": 211.952009,
            "avg": 0.6034598500420594
        },
        "http_req_waiting": {
            "p(90)": 0.6241530000000004,
            "p(95)": 0.8886592999999995,
            "p(99)": 2.16493169000001,
            "p(99.9)": 28.156405286002396,
            "max": 211.704716,
            "avg": 0.5374973160505354,
            "min": 0.144312,
            "med": 0.383509
        },
        "vus": {
            "value": 0,
            "min": 0,
            "max": 5
        },
        "http_reqs": {
            "count": 126002,
            "rate": 300.00355175043484
        },
        "data_received": {
            "rate": 75463.58845211976,
            "count": 31694835
        },
        "iteration_duration": {
            "p(99.9)": 30.856339634001838,
            "max": 212.378684,
            "avg": 0.7309687132267676,
            "min": 0.261293,
            "med": 0.5594945,
            "p(90)": 0.8845908000000002,
            "p(95)": 1.12755465,
            "p(99)": 2.533539430000004
        },
        "http_req_duration{expected_response:true}": {
            "max": 139.65506,
            "avg": 0.5661074386468996,
            "min": 0.177409,
            "med": 0.42167,
            "p(90)": 0.6006984000000001,
            "p(95)": 0.7247457999999992,
            "p(99)": 2.176521719999982,
            "p(99.9)": 29.24579090000206
        },
        "checks": {
            "passes": 126002,
            "fails": 0,
            "value": 1
        },
        "http_req_receiving": {
            "p(99.9)": 1.618834134000095,
            "max": 50.639335,
            "avg": 0.05128677407501491,
            "min": 0.011551,
            "med": 0.035632,
            "p(90)": 0.05816290000000001,
            "p(95)": 0.074887,
            "p(99)": 0.18671055000000022
        },
        "http_req_failed{expected_response:true}": {
            "passes": 0,
            "fails": 119725,
            "thresholds": {
                "rate<0.01": false
            },
            "value": 0
        },
        "dropped_iterations": {
            "count": 0,
            "rate": 0,
            "thresholds": {
                "count<1": false
            }
        },
        "iterations": {
            "count": 126002,
            "rate": 300.00355175043484
        },
        "http_req_failed": {
            "passes": 6277,
            "fails": 119725,
            "value": 0.049816669576673384
        }
    },
    "root_group": {
        "checks": {
            "GET 200": {
                "path": "::GET 200",
                "id": "835c47aa361246554e0c8a59faa18f11",
                "passes": 100833,
                "fails": 0,
                "name": "GET 200"
            },
            "POST 200": {
                "name": "POST 200",
                "path": "::POST 200",
                "id": "d3a9382a11b43b7d4d766cf3d93cf984",
                "passes": 18892,
                "fails": 0
            },
            "error endpoint returns 5xx": {
                "passes": 6277,
                "fails": 0,
                "name": "error endpoint returns 5xx",
                "path": "::error endpoint returns 5xx",
                "id": "4b565ac5e80a340a07119895dabae4b1"
            }
        },
        "name": "",
        "path": "",
        "id": "d41d8cd98f00b204e9800998ecf8427e",
        "groups": {}
    }
}