{
    "metrics": {
        "http_req_connecting": {
            "p(99.9)": 0.14106942400000191,
            "max": 14.883564,
            "avg": 0.005525006268270896,
            "min": 0,
            "med": 0,
            "p(90)": 0,
            "p(95)": 0.06547639999999967,
            "p(99)": 0.109906
        },
        "checks": {
            "passes": 215849,
            "fails": 0,
            "value": 1
        },
        "http_req_sending": {
            "avg": 0.016649497083609455,
            "min": 0.004419,
            "med": 0.012602,
            "p(90)": 0.019231,
            "p(95)": 0.026877199999999952,
            "p(99)": 0.04859651999999999,
            "p(99.9)": 0.2853564320000005,
            "max": 67.744772
        },
        "http_req_failed": {
            "passes": 10688,
            "fails": 205161,
            "value": 0.04951609690107436
        },
        "vus": {
            "value": 0,
            "min": 0,
            "max": 11
        },
        "http_req_blocked": {
            "p(95)": 0.1094367999999997,
            "p(99)": 0.16663659999999997,
            "p(99.9)": 0.3949314560000775,
            "max": 15.13026,
            "avg": 0.013165899063697353,
            "min": 0.001792,
            "med": 0.003884,
            "p(90)": 0.006176
        },
        "vus_max": {
            "value": 301,
            "min": 300,
            "max": 301
        },
        "http_reqs": {
            "rate": 299.78902814427124,
            "count": 215849
        },
        "http_req_duration{expected_response:true}": {
            "max": 92.320332,
            "avg": 0.3594987727394558,
            "min": 0.146159,
            "med": 0.292436,
            "p(90)": 0.445946,
            "p(95)": 0.480934,
            "p(99)": 1.0035461999999986,
            "p(99.9)": 7.7740018000002795
        },
        "data_sent": {
            "rate": 31568.92951993068,
            "count": 22729724
        },
        "data_received": {
            "count": 53796478,
            "rate": 74717.01910689726
        },
        "http_req_failed{expected_response:true}": {
            "passes": 0,
            "fails": 205161,
            "thresholds": {
                "rate<0.01": false
            },
            "value": 0
        },
        "http_req_receiving": {
            "min": 0.010278,
            "med": 0.03086,
            "p(90)": 0.050338,
            "p(95)": 0.06881359999999986,
            "p(99)": 0.15602331999999983,
            "p(99.9)": 0.38823730400001555,
            "max": 58.20018,
            "avg": 0.03810268587762715
        },
        "dropped_iterations": {
            "count": 153,
            "rate": 0.21249911422370962,
            "thresholds": {
                "count<1": true
            }
        },
        "iteration_duration": {
            "p(95)": 0.934938799999999,
            "p(99)": 1.5496971199999976,
            "p(99.9)": 9.461985080000888,
            "max": 1004.431549,
            "avg": 0.6574730987912809,
            "min": 0.237539,
            "med": 0.449132,
            "p(90)": 0.7582290000000002
        },
        "iterations": {
            "count": 215849,
            "rate": 299.78902814427124
        },
        "http_req_duration": {
            "p(99)": 1.1713609199999977,
            "p(99.9)": 8.077706776000129,
            "max": 92.320332,
            "avg": 0.3866105442415657,
            "min": 0.146159,
            "med": 0.300249,
            "p(90)": 0.4752842,
            "p(95)": 0.7507411999999996
        },
        "http_req_tls_handshaking": {
            "min": 0,
            "med": 0,
            "p(90)": 0,
            "p(95)": 0,
            "p(99)": 0,
            "p(99.9)": 0,
            "max": 0,
            "avg": 0
        },
        "http_req_waiting": {
            "min": 0.112544,
            "med": 0.25447,
            "p(90)": 0.4084342,
            "p(95)": 0.6624663999999999,
            "p(99)": 1.0483140399999977,
            "p(99.9)": 7.6060447440020695,
            "max": 87.460402,
            "avg": 0.3318583612803378
        }
    },
    "root_group": {
        "groups": {},
        "checks": {
                "GET 200": {
                    "passes": 172954,
                    "fails": 0,
                    "name": "GET 200",
                    "path": "::GET 200",
                    "id": "835c47aa361246554e0c8a59faa18f11"
                },
                "error endpoint returns 5xx": {
                    "passes": 10688,
                    "fails": 0,
                    "name": "error endpoint returns 5xx",
                    "path": "::error endpoint returns 5xx",
                    "id": "4b565ac5e80a340a07119895dabae4b1"
                },
                "POST 200": {
                    "name": "POST 200",
                    "path": "::POST 200",
                    "id": "d3a9382a11b43b7d4d766cf3d93cf984",
                    "passes": 32207,
                    "fails": 0
                }
            },
        "name": "",
        "path": "",
        "id": "d41d8cd98f00b204e9800998ecf8427e"
    }
}