{
    "metrics": {
        "http_req_duration": {
            "avg": 1.0646769931264324,
            "min": 0.566621,
            "med": 0.863756,
            "max": 19.044726,
            "p(90)": 1.656375,
            "p(95)": 1.975376
        },
        "http_req_receiving": {
            "max": 0.801793,
            "p(90)": 0.235563,
            "p(95)": 0.275095,
            "avg": 0.1359643740887317,
            "min": 0.033622,
            "med": 0.125015
        },
        "http_req_failed": {
            "passes": 0,
            "fails": 4801,
            "thresholds": {
                "rate<0.001": false
            },
            "value": 0
        },
        "checks": {
            "passes": 4801,
            "fails": 0,
            "value": 1
        },
        "dropped_iterations": {
            "count": 0,
            "rate": 0,
            "thresholds": {
                "count==0": false
            }
        },
        "data_sent": {
            "count": 436891,
            "rate": 1820.3579334807928
        },
        "http_reqs": {
            "count": 4801,
            "rate": 20.003933334953768
        },
        "iteration_duration": {
            "avg": 1.2107561133097273,
            "min": 0.680845,
            "med": 1.004124,
            "max": 19.217608,
            "p(90)": 1.804792,
            "p(95)": 2.124455
        },
        "http_req_duration{expected_response:true}": {
            "med": 0.863756,
            "max": 19.044726,
            "p(90)": 1.656375,
            "p(95)": 1.975376,
            "avg": 1.0646769931264324,
            "min": 0.566621
        },
        "http_req_blocked": {
            "max": 5.910495,
            "p(90)": 0.007384,
            "p(95)": 0.013594,
            "avg": 0.010995841907935844,
            "min": 0.00425,
            "med": 0.00522
        },
        "http_req_sending": {
            "avg": 0.015697722974380324,
            "min": 0.010624,
            "med": 0.01441,
            "max": 0.087702,
            "p(90)": 0.018369,
            "p(95)": 0.021884
        },
        "http_req_connecting": {
            "p(90)": 0,
            "p(95)": 0,
            "avg": 0.00403676234117892,
            "min": 0,
            "med": 0,
            "max": 5.856626
        },
        "iterations": {
            "count": 4801,
            "rate": 20.003933334953768
        },
        "data_received": {
            "count": 816170,
            "rate": 3400.66866694214
        },
        "http_req_tls_handshaking": {
            "med": 0,
            "max": 0,
            "p(90)": 0,
            "p(95)": 0,
            "avg": 0,
            "min": 0
        },
        "http_req_waiting": {
            "min": 0.476436,
            "med": 0.735127,
            "max": 18.91802,
            "p(90)": 1.406998,
            "p(95)": 1.684252,
            "avg": 0.9130148960633175
        },
        "vus": {
            "min": 0,
            "max": 0,
            "value": 0
        },
        "vus_max": {
            "value": 100,
            "min": 100,
            "max": 100
        }
    },
    "root_group": {
        "checks": {
            "status 200": {
                "id": "fad9fa412b86fcb03bee97c80dcd61f1",
                "passes": 4801,
                "fails": 0,
                "name": "status 200",
                "path": "::status 200"
            }
        },
        "name": "",
        "path": "",
        "id": "d41d8cd98f00b204e9800998ecf8427e",
        "groups": {}
    }
}