{
    "metrics": {
        "http_reqs": {
            "count": 126002,
            "rate": 300.00375463358415
        },
        "http_req_connecting": {
            "p(99)": 0.11169096000000002,
            "p(99.9)": 0.1366379910000001,
            "max": 6.877264,
            "avg": 0.005153938500976187,
            "min": 0,
            "med": 0,
            "p(90)": 0,
            "p(95)": 0.07133384999999999
        },
        "iteration_duration": {
            "p(90)": 0.9005828000000001,
            "p(95)": 1.1442313,
            "p(99)": 2.7390565100000015,
            "p(99.9)": 45.18365548300042,
            "max": 435.654312,
            "avg": 0.7986333720893425,
            "min": 0.278714,
            "med": 0.5478970000000001
        },
        "http_req_duration": {
            "max": 435.181193,
            "avg": 0.6725522655433871,
            "min": 0.188837,
            "med": 0.4239245,
            "p(90)": 0.7272405000000001,
            "p(95)": 0.99079215,
            "p(99)": 2.574449030000005,
            "p(99.9)": 44.963558669000356
        },
        "http_req_duration{expected_response:true}": {
            "med": 0.411786,
            "p(90)": 0.6054238000000001,
            "p(95)": 0.7438569999999997,
            "p(99)": 2.3538383800000005,
            "p(99.9)": 44.67235834000129,
            "max": 435.181193,
            "avg": 0.6290341137041663,
            "min": 0.188837
        },
        "data_sent": {
            "count": 13307421,
            "rate": 31684.22933358046
        },
        "dropped_iterations": {
            "count": 0,
            "rate": 0,
            "thresholds": {
                "count<1": false
            }
        },
        "http_req_failed{expected_response:true}": {
            "passes": 0,
            "fails": 119635,
            "thresholds": {
                "rate<0.01": false
            },
            "value": 0
        },
        "http_req_waiting": {
            "p(99.9)": 42.48413622600017,
            "max": 434.623359,
            "avg": 0.6033200069284673,
            "min": 0.154693,
            "med": 0.374262,
            "p(90)": 0.6440832000000001,
            "p(95)": 0.8961233499999999,
            "p(99)": 2.3530813200000407
        },
        "vus_max": {
            "value": 150,
            "min": 150,
            "max": 150
        },
        "http_req_failed": {
            "passes": 6367,
            "fails": 119635,
            "value": 0.05053094395327058
        },
        "checks": {
            "passes": 126002,
            "fails": 0,
            "value": 1
        },
        "data_received": {
            "count": 31704001,
            "rate": 75485.46322206716
        },
        "http_req_tls_handshaking": {
            "max": 0,
            "avg": 0,
            "min": 0,
            "med": 0,
            "p(90)": 0,
            "p(95)": 0,
            "p(99)": 0,
            "p(99.9)": 0
        },
        "http_req_sending": {
            "p(99)": 0.04087994000000003,
            "p(99.9)": 0.05962192900000076,
            "max": 0.37559,
            "avg": 0.014293686870049655,
            "min": 0.005141,
            "med": 0.013463,
            "p(90)": 0.01894,
            "p(95)": 0.024338849999999992
        },
        "http_req_receiving": {
            "p(99.9)": 3.1591178790009438,
            "max": 66.286707,
            "avg": 0.05493857174489473,
            "min": 0.010379,
            "med": 0.036027500000000004,
            "p(90)": 0.058874,
            "p(95)": 0.07711374999999998,
            "p(99)": 0.18668189000000004
        },
        "vus": {
            "value": 0,
            "min": 0,
            "max": 7
        },
        "iterations": {
            "count": 126002,
            "rate": 300.00375463358415
        },
        "http_req_blocked": {
            "min": 0.001886,
            "med": 0.004111,
            "p(90)": 0.0053459000000000085,
            "p(95)": 0.10971564999999964,
            "p(99)": 0.16270789000000005,
            "p(99.9)": 0.19163181000000204,
            "max": 6.946179,
            "avg": 0.011506752694401887
        }
    },
    "root_group": {
        "name": "",
        "path": "",
        "id": "d41d8cd98f00b204e9800998ecf8427e",
        "groups": {},
        "checks": {
                "GET 200": {
                    "path": "::GET 200",
                    "id": "835c47aa361246554e0c8a59faa18f11",
                    "passes": 100426,
                    "fails": 0,
                    "name": "GET 200"
                },
                "POST 200": {
                    "id": "d3a9382a11b43b7d4d766cf3d93cf984",
                    "passes": 19209,
                    "fails": 0,
                    "name": "POST 200",
                    "path": "::POST 200"
                },
                "error endpoint returns 5xx": {
                    "id": "4b565ac5e80a340a07119895dabae4b1",
                    "passes": 6367,
                    "fails": 0,
                    "name": "error endpoint returns 5xx",
                    "path": "::error endpoint returns 5xx"
                }
            }
    }
}