{
    "root_group": {
        "groups": {},
        "checks": {
                "GET 200": {
                    "path": "::GET 200",
                    "id": "835c47aa361246554e0c8a59faa18f11",
                    "passes": 172571,
                    "fails": 0,
                    "name": "GET 200"
                },
                "POST 200": {
                    "name": "POST 200",
                    "path": "::POST 200",
                    "id": "d3a9382a11b43b7d4d766cf3d93cf984",
                    "passes": 32514,
                    "fails": 0
                },
                "error endpoint returns 5xx": {
                    "path": "::error endpoint returns 5xx",
                    "id": "4b565ac5e80a340a07119895dabae4b1",
                    "passes": 10917,
                    "fails": 0,
                    "name": "error endpoint returns 5xx"
                }
            },
        "name": "",
        "path": "",
        "id": "d41d8cd98f00b204e9800998ecf8427e"
    },
    "metrics": {
        "checks": {
            "passes": 216002,
            "fails": 0,
            "value": 1
        },
        "http_req_failed": {
            "passes": 10917,
            "fails": 205085,
            "value": 0.0505411986926047
        },
        "http_req_duration": {
            "avg": 0.46686371552579164,
            "min": 0.172598,
            "med": 0.3502685,
            "p(90)": 0.5597426999999999,
            "p(95)": 0.8505874999999995,
            "p(99)": 1.45328789,
            "p(99.9)": 16.398723179000662,
            "max": 284.968386
        },
        "http_req_waiting": {
            "p(99)": 1.3074277699999932,
            "p(99.9)": 14.480231129000577,
            "max": 284.652475,
            "avg": 0.41064770734530515,
            "min": 0.139291,
            "med": 0.308292,
            "p(90)": 0.4965339,
            "p(95)": 0.7659872499999983
        },
        "iteration_duration": {
            "p(99)": 1.6084259499999962,
            "p(99.9)": 16.550198329000533,
            "max": 285.396881,
            "avg": 0.5893711780492886,
            "min": 0.253128,
            "med": 0.46130099999999996,
            "p(90)": 0.7445556,
            "p(95)": 0.9725343499999988
        },
        "http_reqs": {
            "count": 216002,
            "rate": 300.0024239911692
        },
        "vus": {
            "min": 0,
            "max": 7,
            "value": 0
        },
        "http_req_blocked": {
            "min": 0.001923,
            "med": 0.003965,
            "p(90)": 0.005361,
            "p(95)": 0.10377764999999987,
            "p(99)": 0.16190798999999997,
            "p(99.9)": 0.19352964100000386,
            "max": 10.351277,
            "avg": 0.011372784136257866
        },
        "http_req_failed{expected_response:true}": {
            "passes": 0,
            "fails": 205085,
            "thresholds": {
                "rate<0.01": false
            },
            "value": 0
        },
        "http_req_duration{expected_response:true}": {
            "p(90)": 0.4972126,
            "p(95)": 0.5627126,
            "p(99)": 1.2823092400000013,
            "p(99.9)": 14.948497616004918,
            "max": 183.538516,
            "avg": 0.4322145526732885,
            "min": 0.172598,
            "med": 0.344146
        },
        "http_req_receiving": {
            "p(99)": 0.11951238999999943,
            "p(99.9)": 0.4002918960000011,
            "max": 50.71049,
            "avg": 0.04229902028684969,
            "min": 0.010383,
            "med": 0.03254,
            "p(90)": 0.0511789,
            "p(95)": 0.07162479999999992
        },
        "http_req_tls_handshaking": {
            "med": 0,
            "p(90)": 0,
            "p(95)": 0,
            "p(99)": 0,
            "p(99.9)": 0,
            "max": 0,
            "avg": 0,
            "min": 0
        },
        "vus_max": {
            "value": 150,
            "min": 150,
            "max": 150
        },
        "http_req_sending": {
            "p(95)": 0.02367994999999998,
            "p(99)": 0.040279939999999945,
            "p(99.9)": 0.05688192700000078,
            "max": 0.99017,
            "avg": 0.013916987893630679,
            "min": 0.0052,
            "med": 0.013034,
            "p(90)": 0.01854
        },
        "dropped_iterations": {
            "count": 0,
            "rate": 0,
            "thresholds": {
                "count<1": false
            }
        },
        "http_req_connecting": {
            "p(90)": 0,
            "p(95)": 0.06733559999999951,
            "p(99)": 0.11113498999999999,
            "p(99.9)": 0.1412638490000016,
            "max": 10.305041,
            "avg": 0.005109382343681988,
            "min": 0,
            "med": 0
        },
        "data_sent": {
            "count": 22770988,
            "rate": 31626.334925944328
        },
        "iterations": {
            "rate": 300.0024239911692,
            "count": 216002
        },
        "data_received": {
            "count": 54349680,
            "rate": 75485.57764809756
        }
    }
}