{
    "root_group": {
        "name": "",
        "path": "",
        "id": "d41d8cd98f00b204e9800998ecf8427e",
        "groups": {},
        "checks": {
                "GET 200": {
                    "name": "GET 200",
                    "path": "::GET 200",
                    "id": "835c47aa361246554e0c8a59faa18f11",
                    "passes": 100866,
                    "fails": 0
                },
                "POST 200": {
                    "name": "POST 200",
                    "path": "::POST 200",
                    "id": "d3a9382a11b43b7d4d766cf3d93cf984",
                    "passes": 18917,
                    "fails": 0
                },
                "error endpoint returns 5xx": {
                    "passes": 6218,
                    "fails": 0,
                    "name": "error endpoint returns 5xx",
                    "path": "::error endpoint returns 5xx",
                    "id": "4b565ac5e80a340a07119895dabae4b1"
                }
            }
    },
    "metrics": {
        "http_req_receiving": {
            "avg": 0.05172698693661095,
            "min": 0.010153,
            "med": 0.036221,
            "p(90)": 0.056575,
            "p(95)": 0.075706,
            "p(99)": 0.180011,
            "p(99.9)": 1.6405210000020558,
            "max": 43.537906
        },
        "http_req_failed": {
            "passes": 6218,
            "fails": 119783,
            "value": 0.049348814691946886
        },
        "http_req_duration": {
            "avg": 0.6109133082038982,
            "min": 0.18187,
            "med": 0.433675,
            "p(90)": 0.705947,
            "p(95)": 0.97506,
            "p(99)": 2.155745,
            "p(99.9)": 37.343158000007456,
            "max": 280.714937
        },
        "http_req_failed{expected_response:true}": {
            "passes": 0,
            "fails": 119783,
            "thresholds": {
                "rate<0.01": false
            },
            "value": 0
        },
        "http_req_sending": {
            "avg": 0.014402770144681273,
            "min": 0.005131,
            "med": 0.013709,
            "p(90)": 0.018827,
            "p(95)": 0.023892,
            "p(99)": 0.041211,
            "p(99.9)": 0.05957300000000032,
            "max": 0.494116
        },
        "http_reqs": {
            "count": 126001,
            "rate": 300.00111695410345
        },
        "vus": {
            "value": 0,
            "min": 0,
            "max": 2
        },
        "http_req_blocked": {
            "p(99.9)": 0.1993820000000042,
            "max": 11.23913,
            "avg": 0.011625205284085241,
            "min": 0.001843,
            "med": 0.004171,
            "p(90)": 0.005341,
            "p(95)": 0.1023,
            "p(99)": 0.162432
        },
        "http_req_tls_handshaking": {
            "med": 0,
            "p(90)": 0,
            "p(95)": 0,
            "p(99)": 0,
            "p(99.9)": 0,
            "max": 0,
            "avg": 0,
            "min": 0
        },
        "dropped_iterations": {
            "count": 0,
            "rate": 0,
            "thresholds": {
                "count<1": false
            }
        },
        "data_received": {
            "count": 31688496,
            "rate": 75448.48211201212
        },
        "iteration_duration": {
            "max": 281.169261,
            "avg": 0.7376779466988297,
            "min": 0.268578,
            "med": 0.561897,
            "p(90)": 0.883002,
            "p(95)": 1.123369,
            "p(99)": 2.329109,
            "p(99.9)": 37.49173200000792
        },
        "vus_max": {
            "value": 150,
            "min": 150,
            "max": 150
        },
        "checks": {
            "passes": 126001,
            "fails": 0,
            "value": 1
        },
        "http_req_waiting": {
            "max": 280.439748,
            "avg": 0.5447835511226098,
            "min": 0.149718,
            "med": 0.383558,
            "p(90)": 0.625646,
            "p(95)": 0.884515,
            "p(99)": 1.978168,
            "p(99.9)": 33.49993200000474
        },
        "data_sent": {
            "rate": 31618.942970007356,
            "count": 13280012
        },
        "iterations": {
            "count": 126001,
            "rate": 300.00111695410345
        },
        "http_req_duration{expected_response:true}": {
            "p(90)": 0.6012578000000001,
            "p(95)": 0.7249092999999996,
            "p(99)": 1.9587381199999951,
            "p(99.9)": 35.724435990001666,
            "max": 163.257427,
            "avg": 0.571056010627551,
            "min": 0.18187,
            "med": 0.422767
        },
        "http_req_connecting": {
            "p(95)": 0.066413,
            "p(99)": 0.11139,
            "p(99.9)": 0.1401530000000082,
            "max": 11.192696,
            "avg": 0.005301791779430329,
            "min": 0,
            "med": 0,
            "p(90)": 0
        }
    }
}