{
    "metrics": {
        "iterations": {
            "rate": 300.0020132301471,
            "count": 216002
        },
        "vus": {
            "value": 0,
            "min": 0,
            "max": 25
        },
        "http_req_waiting": {
            "avg": 0.38391485734391795,
            "min": 0.129696,
            "med": 0.281354,
            "p(90)": 0.4706974999999999,
            "p(95)": 0.7678084499999998,
            "p(99)": 1.2890975399999969,
            "p(99.9)": 10.470091346000691,
            "max": 164.318949
        },
        "iteration_duration": {
            "min": 0.274239,
            "med": 0.4661305,
            "p(90)": 0.7692687999999999,
            "p(95)": 0.9892441999999998,
            "p(99)": 1.671117519999994,
            "p(99.9)": 13.722959982000535,
            "max": 165.068516,
            "avg": 0.5869238362792927
        },
        "http_req_failed{expected_response:true}": {
            "passes": 0,
            "fails": 205264,
            "thresholds": {
                "rate<0.01": false
            },
            "value": 0
        },
        "vus_max": {
            "value": 150,
            "min": 150,
            "max": 150
        },
        "http_req_connecting": {
            "med": 0,
            "p(90)": 0,
            "p(95)": 0.06509994999999999,
            "p(99)": 0.11049298999999999,
            "p(99.9)": 0.1358179420000006,
            "max": 37.286411,
            "avg": 0.005289917834094113,
            "min": 0
        },
        "http_reqs": {
            "count": 216002,
            "rate": 300.0020132301471
        },
        "http_req_tls_handshaking": {
            "min": 0,
            "med": 0,
            "p(90)": 0,
            "p(95)": 0,
            "p(99)": 0,
            "p(99.9)": 0,
            "max": 0,
            "avg": 0
        },
        "checks": {
            "passes": 216002,
            "fails": 0,
            "value": 1
        },
        "http_req_receiving": {
            "p(95)": 0.07042189999999997,
            "p(99)": 0.12516239999999942,
            "p(99.9)": 0.3739032350000082,
            "max": 34.084804,
            "avg": 0.04075189822779495,
            "min": 0.009805,
            "med": 0.033429,
            "p(90)": 0.052093
        },
        "http_req_blocked": {
            "p(95)": 0.10153019999999972,
            "p(99)": 0.16342295999999998,
            "p(99.9)": 0.23308200000001073,
            "max": 37.328967,
            "avg": 0.012037685146433727,
            "min": 0.001968,
            "med": 0.004019,
            "p(90)": 0.006032
        },
        "http_req_duration{expected_response:true}": {
            "p(99)": 1.2483196299999997,
            "p(99.9)": 13.191499289000992,
            "max": 164.676883,
            "avg": 0.41081924816332027,
            "min": 0.16428,
            "med": 0.318254,
            "p(90)": 0.49308840000000004,
            "p(95)": 0.5473023999999981
        },
        "http_req_sending": {
            "avg": 0.01748219376209457,
            "min": 0.005207,
            "med": 0.01287,
            "p(90)": 0.019098,
            "p(95)": 0.02563594999999998,
            "p(99)": 0.04266193999999994,
            "p(99.9)": 0.18634563900000387,
            "max": 93.409912
        },
        "data_received": {
            "count": 54331668,
            "rate": 75460.45769091009
        },
        "dropped_iterations": {
            "count": 0,
            "rate": 0,
            "thresholds": {
                "count<1": false
            }
        },
        "http_req_duration": {
            "p(99)": 1.4244900199999981,
            "p(99.9)": 13.463798496000017,
            "max": 164.676883,
            "avg": 0.4421489493337881,
            "min": 0.16428,
            "med": 0.3276205,
            "p(90)": 0.5393679,
            "p(95)": 0.8515665999999995
        },
        "data_sent": {
            "count": 22778203,
            "rate": 31636.31243120423
        },
        "http_req_failed": {
            "passes": 10738,
            "fails": 205264,
            "value": 0.04971250266201239
        }
    },
    "root_group": {
        "name": "",
        "path": "",
        "id": "d41d8cd98f00b204e9800998ecf8427e",
        "groups": {},
        "checks": {
                "GET 200": {
                    "passes": 172692,
                    "fails": 0,
                    "name": "GET 200",
                    "path": "::GET 200",
                    "id": "835c47aa361246554e0c8a59faa18f11"
                },
                "error endpoint returns 5xx": {
                    "name": "error endpoint returns 5xx",
                    "path": "::error endpoint returns 5xx",
                    "id": "4b565ac5e80a340a07119895dabae4b1",
                    "passes": 10738,
                    "fails": 0
                },
                "POST 200": {
                    "name": "POST 200",
                    "path": "::POST 200",
                    "id": "d3a9382a11b43b7d4d766cf3d93cf984",
                    "passes": 32572,
                    "fails": 0
                }
            }
    }
}