{
    "root_group": {
        "name": "",
        "path": "",
        "id": "d41d8cd98f00b204e9800998ecf8427e",
        "groups": {},
        "checks": {
                "GET 200": {
                    "name": "GET 200",
                    "path": "::GET 200",
                    "id": "835c47aa361246554e0c8a59faa18f11",
                    "passes": 100884,
                    "fails": 0
                },
                "POST 200": {
                    "name": "POST 200",
                    "path": "::POST 200",
                    "id": "d3a9382a11b43b7d4d766cf3d93cf984",
                    "passes": 18928,
                    "fails": 0
                },
                "error endpoint returns 5xx": {
                    "name": "error endpoint returns 5xx",
                    "path": "::error endpoint returns 5xx",
                    "id": "4b565ac5e80a340a07119895dabae4b1",
                    "passes": 6190,
                    "fails": 0
                }
            }
    },
    "metrics": {
        "dropped_iterations": {
            "count": 0,
            "rate": 0,
            "thresholds": {
                "count<1": false
            }
        },
        "http_req_receiving": {
            "min": 0.010543,
            "med": 0.035969,
            "p(90)": 0.05704590000000001,
            "p(95)": 0.07443169999999998,
            "p(99)": 0.1816098600000006,
            "p(99.9)": 1.33970768700101,
            "max": 43.129424,
            "avg": 0.0522121367517979
        },
        "data_received": {
            "count": 31685807,
            "rate": 75442.1212271368
        },
        "http_req_tls_handshaking": {
            "med": 0,
            "p(90)": 0,
            "p(95)": 0,
            "p(99)": 0,
            "p(99.9)": 0,
            "max": 0,
            "avg": 0,
            "min": 0
        },
        "vus_max": {
            "value": 150,
            "min": 150,
            "max": 150
        },
        "http_req_waiting": {
            "p(99.9)": 32.474080079002846,
            "max": 307.155044,
            "avg": 0.5480555399279368,
            "min": 0.145143,
            "med": 0.383656,
            "p(90)": 0.627897,
            "p(95)": 0.89400145,
            "p(99)": 2.1541603500000006
        },
        "checks": {
            "passes": 126002,
            "fails": 0,
            "value": 1
        },
        "http_req_duration": {
            "p(90)": 0.7063981000000001,
            "p(95)": 0.9834510999999999,
            "p(99)": 2.382907930000003,
            "p(99.9)": 35.679096265000105,
            "max": 307.443411,
            "avg": 0.6146763433278872,
            "min": 0.178171,
            "med": 0.433572
        },
        "iterations": {
            "count": 126002,
            "rate": 300.0036628027713
        },
        "vus": {
            "value": 0,
            "min": 0,
            "max": 8
        },
        "http_reqs": {
            "count": 126002,
            "rate": 300.0036628027713
        },
        "http_req_failed{expected_response:true}": {
            "passes": 0,
            "fails": 119812,
            "thresholds": {
                "rate<0.01": false
            },
            "value": 0
        },
        "http_req_failed": {
            "passes": 6190,
            "fails": 119812,
            "value": 0.049126204345962765
        },
        "http_req_connecting": {
            "max": 12.482557,
            "avg": 0.005256684409771274,
            "min": 0,
            "med": 0,
            "p(90)": 0,
            "p(95)": 0.06531929999999979,
            "p(99)": 0.11197697000000001,
            "p(99.9)": 0.13764383700000174
        },
        "data_sent": {
            "count": 13281310,
            "rate": 31622.05081521781
        },
        "http_req_duration{expected_response:true}": {
            "p(99)": 2.1739640499999995,
            "p(99.9)": 35.671210915000124,
            "max": 173.513108,
            "avg": 0.5796790679982042,
            "min": 0.178171,
            "med": 0.42295150000000004,
            "p(90)": 0.5979631000000001,
            "p(95)": 0.7278956
        },
        "iteration_duration": {
            "avg": 0.7422241966079871,
            "min": 0.266771,
            "med": 0.561224,
            "p(90)": 0.8837899000000004,
            "p(95)": 1.129233,
            "p(99)": 2.545783130000007,
            "p(99.9)": 35.94543128000058,
            "max": 307.769571
        },
        "http_req_sending": {
            "max": 0.616415,
            "avg": 0.014408666648148166,
            "min": 0.005304,
            "med": 0.01365,
            "p(90)": 0.018623,
            "p(95)": 0.02400995,
            "p(99)": 0.04109695000000003,
            "p(99.9)": 0.05995998300000018
        },
        "http_req_blocked": {
            "p(90)": 0.00537,
            "p(95)": 0.10114684999999929,
            "p(99)": 0.16280795000000003,
            "p(99.9)": 0.19151880600000207,
            "max": 12.528875,
            "avg": 0.011563499341280191,
            "min": 0.001818,
            "med": 0.004125
        }
    }
}